-- MySQL dump 10.13  Distrib 5.1.49, for debian-linux-gnu (x86_64)
--
-- Host: localhost    Database: petclinic
-- ------------------------------------------------------
-- Server version	5.1.49-1ubuntu8.1

/*!40101 SET @OLD_CHARACTER_SET_CLIENT=@@CHARACTER_SET_CLIENT */;
/*!40101 SET @OLD_CHARACTER_SET_RESULTS=@@CHARACTER_SET_RESULTS */;
/*!40101 SET @OLD_COLLATION_CONNECTION=@@COLLATION_CONNECTION */;
/*!40101 SET NAMES utf8 */;
/*!40103 SET @OLD_TIME_ZONE=@@TIME_ZONE */;
/*!40103 SET TIME_ZONE='+00:00' */;
/*!40014 SET @OLD_UNIQUE_CHECKS=@@UNIQUE_CHECKS, UNIQUE_CHECKS=0 */;
/*!40014 SET @OLD_FOREIGN_KEY_CHECKS=@@FOREIGN_KEY_CHECKS, FOREIGN_KEY_CHECKS=0 */;
/*!40101 SET @OLD_SQL_MODE=@@SQL_MODE, SQL_MODE='NO_AUTO_VALUE_ON_ZERO' */;
/*!40111 SET @OLD_SQL_NOTES=@@SQL_NOTES, SQL_NOTES=0 */;

--
-- Table structure for table `owners`
--

DROP TABLE IF EXISTS `owners`;
/*!40101 SET @saved_cs_client     = @@character_set_client */;
/*!40101 SET character_set_client = utf8 */;
CREATE TABLE `owners` (
  `id` int(4) unsigned NOT NULL AUTO_INCREMENT,
  `first_name` varchar(30) DEFAULT NULL,
  `last_name` varchar(30) DEFAULT NULL,
  `address` varchar(255) DEFAULT NULL,
  `city` varchar(80) DEFAULT NULL,
  `telephone` varchar(20) DEFAULT NULL,
  PRIMARY KEY (`id`),
  KEY `last_name` (`last_name`)
) ENGINE=InnoDB AUTO_INCREMENT=1513 DEFAULT CHARSET=latin1;
/*!40101 SET character_set_client = @saved_cs_client */;

--
-- Dumping data for table `owners`
--

LOCK TABLES `owners` WRITE;
/*!40000 ALTER TABLE `owners` DISABLE KEYS */;
INSERT INTO `owners` VALUES (1,'George','Franklin','110 W. Liberty St.','Madison','6085551023'),(2,'Betty','Davis','638 Cardinal Ave.','Sun Prairie','6085551749'),(3,'Eduardo','Rodriquez','2693 Commerce St.','McFarland','6085558763'),(4,'Harold','Davis','563 Friendly St.','Windsor','6085553198'),(5,'Peter','McTavish','2387 S. Fair Way','Madison','6085552765'),(6,'Jean','Coleman','105 N. Lake St.','Monona','6085552654'),(7,'Jeff','Black','1450 Oak Blvd.','Monona','6085555387'),(8,'Maria','Escobito','345 Maple St.','Madison','6085557683'),(9,'David','Schroeder','2749 Blackhawk Trail','Madison','6085559435'),(10,'Carlos','Estaban','2335 Independence La.','Waunakee','6085555487'),(11,'Faustino','Perez','0 Nowhere St','Campbell','6335483'),(12,'Chase','Moore','1 California St','San Mateo','8207408'),(13,'Kristofer','Williams','2 Nowhere St','Sunnyvale','7516353'),(14,'Frances','Collins','3 Castro St.','Campbell','9683992'),(15,'Terrence','Evans','4 Coolcotts Court','Los Altos','7912867'),(16,'Jayson','Evans','5 Castro St.','San Francisco','8709652'),(17,'Brant','Lopez','6 Villa St.','Campbell','5128859'),(18,'Dwain','Smith','7 Castro St.','Los Gatos','8704409'),(19,'Vincent','Campbell','8 Coolcotts Court','Mountain View','5228606'),(20,'Ricky','Rogers','9 Villa St.','Los Altos','7451450'),(21,'Manuel','White','10 California St','Los Gatos','8829411'),(22,'Keith','Parker','11 Villa St.','Mountain View','5943163'),(23,'Merrill','Turner','12 Nowhere St','Freemont','7126373'),(24,'Douglass','Roberts','13 Castro St.','San Jose','9337871'),(25,'Raymond','Green','14 Villa St.','Campbell','9595055'),(26,'Lenny','Green','15 Coolcotts Court','Mountain View','5484715'),(27,'Jerry','Wright','16 Townsend St.','Freemont','6184690'),(28,'Hershel','Martin','17 Nowhere St','San Jose','7134207'),(29,'Kieth','Miller','18 Castro St.','Los Altos','6485920'),(30,'Willie','Turner','19 Townsend St.','San Jose','6076542'),(31,'Truman','Garcia','20 Villa St.','San Francisco','8106411'),(32,'Grant','Miller','21 Villa St.','San Mateo','7971763'),(33,'Emery','Sanchez','22 Villa St.','Los Gatos','8336161'),(34,'Malcom','Nelson','23 Townsend St.','Los Gatos','8713145'),(35,'Milton','Brown','24 Villa St.','Campbell','5072569'),(36,'Rickey','Green','25 Townsend St.','San Francisco','5859577'),(37,'Daniel','Walker','26 Villa St.','Sunnyvale','7670697'),(38,'Travis','Jones','27 Townsend St.','San Mateo','9465496'),(39,'Dwight','Hernandez','28 Townsend St.','Campbell','8950569'),(40,'Shannon','Phillips','29 Coolcotts Court','Los Altos','5418401'),(41,'Carlo','Mitchell','30 Villa St.','Los Gatos','7384999'),(42,'Alphonse','Baker','31 California St','Freemont','9685965'),(43,'Mckinley','Clark','32 Coolcotts Court','Campbell','8893423'),(44,'Eduardo','Scott','33 Villa St.','Los Altos','7194729'),(45,'Emmitt','Moore','34 Coolcotts Court','Campbell','6075580'),(46,'Rodrick','Sanchez','35 Townsend St.','San Mateo','6813427'),(47,'Luciano','Rodriguez','36 Coolcotts Court','Mountain View','8544758'),(48,'Antione','Evans','37 Coolcotts Court','San Francisco','5109415'),(49,'Isaac','Garcia','38 Villa St.','Campbell','6196825'),(50,'Andrew','Lewis','39 Coolcotts Court','Mountain View','8959138'),(51,'Frank','Rodriguez','40 Nowhere St','Freemont','5047705'),(52,'Julio','Morris','41 Castro St.','San Jose','8119151'),(53,'Lawrence','Thompson','42 Castro St.','Los Gatos','7004828'),(54,'Jamey','Rodriguez','43 Castro St.','Sunnyvale','8449551'),(55,'Dominique','Scott','44 Townsend St.','Sunnyvale','9409846'),(56,'Lonny','Morris','45 Coolcotts Court','Campbell','8476295'),(57,'Jordon','Davis','46 Villa St.','San Jose','8847625'),(58,'Sherwood','Turner','47 Townsend St.','San Mateo','9899057'),(59,'Antony','Scott','48 Coolcotts Court','San Jose','6798214'),(60,'Carroll','Roberts','49 Townsend St.','San Mateo','6558047'),(61,'Modesto','Davis','50 Castro St.','Mountain View','7049965'),(62,'Charley','Lopez','51 California St','Los Gatos','9897266'),(63,'Julian','Green','52 Coolcotts Court','San Francisco','9260887'),(64,'Kelley','Gonzalez','53 Townsend St.','Freemont','5042972'),(65,'Alfredo','White','54 Villa St.','San Francisco','8664397'),(66,'Rosendo','Rodriguez','55 Townsend St.','Mountain View','5775175'),(67,'Cornell','Davis','56 Castro St.','Los Altos','6415814'),(68,'Clifford','Collins','57 Villa St.','Campbell','6227384'),(69,'Dewitt','Martinez','58 California St','Los Altos','8108689'),(70,'Blair','Robinson','59 California St','San Jose','7260513'),(71,'Roland','Stewart','60 California St','Los Altos','7852989'),(72,'Nestor','Parker','61 Coolcotts Court','Mountain View','7597918'),(73,'Heriberto','Hernandez','62 California St','San Jose','9729551'),(74,'Lesley','Perez','63 Townsend St.','Mountain View','7148914'),(75,'Dustin','Garcia','64 Townsend St.','Sunnyvale','5456367'),(76,'Chuck','Taylor','65 Villa St.','Mountain View','8721420'),(77,'Hayden','Taylor','66 Townsend St.','Freemont','8153511'),(78,'Neville','Thompson','67 Townsend St.','Sunnyvale','6258012'),(79,'Rickey','Martinez','68 Townsend St.','Los Altos','6602279'),(80,'Benedict','Scott','69 Castro St.','Freemont','6358385'),(81,'Jackie','Johnson','70 Townsend St.','Sunnyvale','5497075'),(82,'Tracey','Lewis','71 Coolcotts Court','Los Altos','9539274'),(83,'Edmond','Mitchell','72 California St','San Mateo','9963015'),(84,'Orval','Adams','73 Nowhere St','Campbell','5239814'),(85,'Hobert','Wilson','74 Castro St.','San Jose','9413174'),(86,'Dudley','Moore','75 Townsend St.','Mountain View','5850694'),(87,'Milan','Sanchez','76 Townsend St.','Freemont','6301699'),(88,'Bryon','White','77 Townsend St.','Los Altos','5468146'),(89,'Mohammad','Stewart','78 Townsend St.','Los Gatos','5281687'),(90,'Luciano','Collins','79 Castro St.','Sunnyvale','8395670'),(91,'Warner','Green','80 Castro St.','San Mateo','6640220'),(92,'Joshua','Young','81 California St','Los Altos','8081321'),(93,'Loren','Evans','82 Villa St.','Campbell','7174411'),(94,'Michael','Martin','83 Villa St.','Campbell','9520462'),(95,'Patricia','Jones','84 Nowhere St','Mountain View','9410163'),(96,'Angelo','Jones','85 Nowhere St','Sunnyvale','9640401'),(97,'Tobias','Miller','86 Townsend St.','Sunnyvale','5058036'),(98,'Raymon','Anderson','87 Villa St.','Los Gatos','8491735'),(99,'Richie','Jackson','88 California St','Freemont','5115443'),(100,'Marquis','Evans','89 Townsend St.','San Jose','7718839'),(101,'Brenton','Moore','90 Villa St.','Los Altos','9269541'),(102,'Fabian','Nelson','91 Townsend St.','San Francisco','5520101'),(103,'Carrol','Carter','92 Townsend St.','Mountain View','8636626'),(104,'Alejandro','Moore','93 Villa St.','Freemont','6928905'),(105,'Pasquale','Harris','94 Nowhere St','Campbell','9575332'),(106,'Ramiro','Allen','95 Castro St.','San Jose','6989637'),(107,'Chuck','Campbell','96 Coolcotts Court','Campbell','6745800'),(108,'Damon','Lopez','97 Nowhere St','Los Gatos','6546362'),(109,'Jordon','Baker','98 Villa St.','San Jose','7797808'),(110,'Branden','Campbell','99 Coolcotts Court','San Francisco','7925217'),(111,'Brett','Wilson','100 Villa St.','Mountain View','8095916'),(112,'Boris','Carter','101 California St','Freemont','5056404'),(113,'Ervin','Davis','102 Villa St.','Mountain View','7176550'),(114,'Donnell','Moore','103 Castro St.','Sunnyvale','7965584'),(115,'Lance','Jackson','104 Coolcotts Court','San Mateo','9338618'),(116,'Miguel','Smith','105 Villa St.','San Jose','9874730'),(117,'Thurman','Hernandez','106 Coolcotts Court','Mountain View','9846899'),(118,'Clemente','Jones','107 Townsend St.','Campbell','8167673'),(119,'Pedro','Wright','108 Townsend St.','San Jose','7715887'),(120,'Clifford','Edwards','109 Nowhere St','Sunnyvale','8636318'),(121,'Emmett','Morris','110 Coolcotts Court','San Jose','6895840'),(122,'Hiram','Morris','111 Castro St.','Campbell','5679624'),(123,'Gordon','Stewart','112 Castro St.','Los Gatos','9916930'),(124,'Devin','Johnson','113 Villa St.','Los Gatos','6491466'),(125,'Deshawn','Smith','114 Nowhere St','San Mateo','5429446'),(126,'Hassan','Harris','115 Villa St.','Mountain View','8806651'),(127,'Buford','Wright','116 Townsend St.','San Francisco','9680328'),(128,'Theodore','Wright','117 California St','San Jose','7543259'),(129,'Gordon','Johnson','118 Townsend St.','San Mateo','8484649'),(130,'Sterling','Baker','119 Villa St.','Los Altos','9234882'),(131,'Danilo','Rodriguez','120 Nowhere St','Los Gatos','9412821'),(132,'Blake','Rodriguez','121 Castro St.','Mountain View','9417421'),(133,'Tommie','Perez','122 Coolcotts Court','Sunnyvale','7791996'),(134,'Virgilio','Green','123 California St','Los Altos','8845542'),(135,'Emile','Perez','124 Coolcotts Court','Los Gatos','8357519'),(136,'Cliff','Rodriguez','125 California St','San Jose','9545848'),(137,'Mathew','Adams','126 Nowhere St','Campbell','5335989'),(138,'Andrea','Baker','127 Townsend St.','Mountain View','8644695'),(139,'Andres','Thompson','128 Villa St.','San Francisco','7498488'),(140,'Emmanuel','Young','129 California St','Mountain View','5368682'),(141,'Adolph','Evans','130 California St','Sunnyvale','5999523'),(142,'Wilbert','Morris','131 Nowhere St','Los Altos','5638627'),(143,'Theron','Wilson','132 Castro St.','Sunnyvale','7773197'),(144,'Timothy','Rogers','133 Nowhere St','Los Altos','7238095'),(145,'Cornelius','Garcia','134 Villa St.','Campbell','9387568'),(146,'Micheal','Rogers','135 Castro St.','San Jose','7869462'),(147,'Kelley','Adams','136 Townsend St.','San Jose','6218814'),(148,'Danilo','Martinez','137 Castro St.','Los Gatos','5670276'),(149,'James','Martinez','138 Villa St.','Sunnyvale','7546150'),(150,'Wayne','Roberts','139 Nowhere St','Sunnyvale','7244991'),(151,'Diego','Lopez','140 Coolcotts Court','Los Altos','9443452'),(152,'Patricia','Anderson','141 Coolcotts Court','San Mateo','7213643'),(153,'Brian','Brown','142 Villa St.','San Mateo','8535522'),(154,'Harlan','Edwards','143 Townsend St.','Los Altos','7255385'),(155,'Hilario','Parker','144 California St','Freemont','6536927'),(156,'Darryl','Davis','145 Villa St.','San Jose','9740593'),(157,'Kurtis','Rodriguez','146 Townsend St.','Los Altos','8133878'),(158,'Julio','Martinez','147 Castro St.','San Mateo','6471315'),(159,'Vincent','Anderson','148 Villa St.','Sunnyvale','9961429'),(160,'Donald','Perez','149 Nowhere St','San Francisco','6334666'),(161,'Mervin','Campbell','150 Townsend St.','San Jose','8083221'),(162,'Vernon','Miller','151 Coolcotts Court','Campbell','8761672'),(163,'Allen','Rodriguez','152 Townsend St.','Campbell','6496498'),(164,'Dwain','Rodriguez','153 Villa St.','Freemont','6103357'),(165,'Zachary','Carter','154 Townsend St.','Los Altos','7385410'),(166,'Gregorio','Campbell','155 Coolcotts Court','San Francisco','9590376'),(167,'Eduardo','Phillips','156 Castro St.','San Francisco','9114748'),(168,'Ellsworth','Roberts','157 Coolcotts Court','Mountain View','6636139'),(169,'Benton','Young','158 Villa St.','Los Gatos','6439339'),(170,'Frederic','White','159 Nowhere St','Sunnyvale','6590482'),(171,'Shaun','Thompson','160 Villa St.','San Mateo','6100351'),(172,'Erwin','Rogers','161 Townsend St.','Los Altos','9193388'),(173,'Ronald','Baker','162 Coolcotts Court','Los Gatos','8477452'),(174,'Jeffery','Garcia','163 California St','Sunnyvale','5977583'),(175,'Jamal','Garcia','164 Townsend St.','San Mateo','5486468'),(176,'Rhett','Morris','165 Villa St.','Los Gatos','6405482'),(177,'Andreas','Collins','166 California St','Campbell','6212169'),(178,'Emmitt','Williams','167 Nowhere St','Los Altos','9410179'),(179,'Emanuel','Collins','168 Villa St.','San Mateo','9118983'),(180,'Anton','Brown','169 Townsend St.','Freemont','5078265'),(181,'Arnoldo','Sanchez','170 California St','Sunnyvale','8940125'),(182,'Oliver','Carter','171 Nowhere St','Freemont','6119355'),(183,'Raymon','Mitchell','172 Coolcotts Court','Los Gatos','5247375'),(184,'Lavern','Collins','173 Townsend St.','Mountain View','8546451'),(185,'Merlin','Stewart','174 California St','Los Gatos','6838307'),(186,'Leonard','Sanchez','175 California St','San Jose','9808862'),(187,'Kareem','Campbell','176 Villa St.','Los Gatos','9447677'),(188,'Ralph','Edwards','177 Townsend St.','San Mateo','9816680'),(189,'Vicente','Smith','178 Nowhere St','San Francisco','6967995'),(190,'Leland','Young','179 Townsend St.','San Mateo','5201522'),(191,'Kennith','Phillips','180 Coolcotts Court','Los Altos','6113464'),(192,'Homer','Nelson','181 Castro St.','San Francisco','6905099'),(193,'Marvin','Roberts','182 Townsend St.','Los Altos','6527439'),(194,'Rocco','Carter','183 Townsend St.','San Jose','7744232'),(195,'Preston','Collins','184 Villa St.','San Jose','7063649'),(196,'Hyman','Allen','185 Townsend St.','San Francisco','6671858'),(197,'Geraldo','Edwards','186 Townsend St.','Campbell','6891172'),(198,'Arlie','Allen','187 Coolcotts Court','Los Gatos','5179483'),(199,'Bryan','Smith','188 Castro St.','Los Gatos','8821768'),(200,'Darrel','Martinez','189 California St','San Mateo','5200066'),(201,'Moses','Collins','190 Villa St.','Mountain View','9356555'),(202,'Geraldo','Martinez','191 Townsend St.','San Jose','6598960'),(203,'Luigi','Thomas','192 Castro St.','Los Altos','7203873'),(204,'Alejandro','Wilson','193 Townsend St.','Mountain View','8570588'),(205,'Napoleon','Garcia','194 Villa St.','San Mateo','6220872'),(206,'Rolland','Campbell','195 Townsend St.','San Francisco','5062152'),(207,'Archie','Hernandez','196 Townsend St.','Sunnyvale','5409946'),(208,'Merrill','Allen','197 Townsend St.','Mountain View','7769512'),(209,'Eddie','Adams','198 Townsend St.','Mountain View','6514967'),(210,'Alexander','Evans','199 Castro St.','San Francisco','9737159'),(211,'Garret','Wilson','200 Coolcotts Court','Campbell','8379313'),(212,'Bradley','Smith','201 Nowhere St','San Mateo','7337861'),(213,'Damien','Garcia','202 Villa St.','Los Gatos','5419708'),(214,'Jordon','Walker','203 Townsend St.','Los Altos','5500108'),(215,'Bobby','Miller','204 Villa St.','Campbell','7481843'),(216,'Gerard','Adams','205 Coolcotts Court','Los Gatos','5215533'),(217,'Javier','Gonzalez','206 Castro St.','San Jose','9830385'),(218,'Anthony','Rodriguez','207 Castro St.','San Francisco','5476472'),(219,'Jordon','Allen','208 Villa St.','Los Gatos','5972571'),(220,'Armando','Sanchez','209 Nowhere St','Los Gatos','5346300'),(221,'Dwayne','Young','210 Coolcotts Court','Campbell','5522770'),(222,'Darren','Martinez','211 Coolcotts Court','San Francisco','9257009'),(223,'Thomas','Gonzalez','212 Coolcotts Court','Campbell','6813845'),(224,'Fausto','Smith','213 Castro St.','Los Gatos','7833927'),(225,'Reginald','Phillips','214 California St','San Francisco','6845685'),(226,'Jorge','Clark','215 Nowhere St','San Mateo','9889469'),(227,'Brendan','Anderson','216 Castro St.','Los Altos','5954431'),(228,'Giuseppe','Sanchez','217 Nowhere St','Los Gatos','7424072'),(229,'Gonzalo','Walker','218 Coolcotts Court','San Francisco','5656249'),(230,'Avery','Campbell','219 Coolcotts Court','Freemont','9384117'),(231,'Leopoldo','Young','220 Villa St.','San Mateo','8044687'),(232,'Thomas','White','221 Nowhere St','San Francisco','7132734'),(233,'Lorenzo','Martinez','222 Townsend St.','Freemont','8976778'),(234,'Johnny','Stewart','223 Townsend St.','San Mateo','9129052'),(235,'David','Miller','224 Villa St.','San Francisco','7858942'),(236,'Wally','Anderson','225 Castro St.','Sunnyvale','5308432'),(237,'Roland','Rodriguez','226 Castro St.','Sunnyvale','5415366'),(238,'Sherman','White','227 Villa St.','Freemont','7834661'),(239,'Deshawn','Scott','228 Nowhere St','Mountain View','5522723'),(240,'Miguel','Evans','229 Castro St.','San Francisco','8745666'),(241,'Perry','Jones','230 Townsend St.','Freemont','8837406'),(242,'Jorge','Moore','231 Castro St.','Mountain View','8968148'),(243,'Isiah','Johnson','232 Castro St.','San Mateo','6170255'),(244,'Jacob','Collins','233 California St','Mountain View','6630444'),(245,'Major','Parker','234 Castro St.','San Francisco','7165183'),(246,'Quinton','Thomas','235 Townsend St.','San Jose','8612865'),(247,'Arnulfo','Brown','236 Villa St.','Sunnyvale','8124681'),(248,'Aurelio','Hernandez','237 Coolcotts Court','Sunnyvale','5127042'),(249,'Nickolas','Williams','238 Nowhere St','Los Altos','5616221'),(250,'Austin','Jackson','239 Coolcotts Court','Los Gatos','7265983'),(251,'Ezequiel','Baker','240 Castro St.','Los Gatos','8195016'),(252,'Johnathan','Martin','241 Villa St.','San Jose','5781185'),(253,'Lamont','Wilson','242 California St','San Francisco','8344908'),(254,'Douglas','Perez','243 Castro St.','Freemont','9547933'),(255,'Lesley','Miller','244 Coolcotts Court','Sunnyvale','7260107'),(256,'Chuck','Moore','245 Coolcotts Court','Los Altos','8952994'),(257,'Jewel','Green','246 California St','Los Gatos','5291306'),(258,'Leopoldo','Lopez','247 Coolcotts Court','San Jose','7612071'),(259,'Terrance','Campbell','248 Castro St.','Mountain View','8879783'),(260,'Terry','Smith','249 Townsend St.','Sunnyvale','7821871'),(261,'Willie','Anderson','250 Villa St.','San Francisco','6030883'),(262,'Tracey','Wilson','251 California St','Sunnyvale','8678320'),(263,'Jonathan','Campbell','252 Castro St.','San Mateo','8844708'),(264,'Orval','Morris','253 Coolcotts Court','San Jose','7307027'),(265,'Grady','Rodriguez','254 Coolcotts Court','Sunnyvale','5531178'),(266,'Jonah','Brown','255 Nowhere St','Campbell','5587540'),(267,'Wilfredo','Harris','256 California St','Los Gatos','9591386'),(268,'Blake','Collins','257 Villa St.','San Francisco','5688232'),(269,'Quinn','Wright','258 California St','Freemont','6526450'),(270,'Granville','Wilson','259 Nowhere St','Mountain View','6421446'),(271,'Harold','Rodriguez','260 Castro St.','Mountain View','8853686'),(272,'Rolando','Lopez','261 Nowhere St','San Mateo','6459499'),(273,'Shelby','Gonzalez','262 Castro St.','San Mateo','9015202'),(274,'Porfirio','Anderson','263 Villa St.','Freemont','7236069'),(275,'Isiah','Stewart','264 Nowhere St','Campbell','5249311'),(276,'Javier','Davis','265 Castro St.','Sunnyvale','8586820'),(277,'Darrin','Evans','266 Nowhere St','Sunnyvale','9131379'),(278,'Barney','Nelson','267 Castro St.','San Francisco','6371037'),(279,'Lincoln','Rogers','268 Coolcotts Court','Los Gatos','5123502'),(280,'Allan','Roberts','269 Nowhere St','Freemont','6190019'),(281,'Rhett','Jackson','270 Castro St.','San Mateo','8047605'),(282,'Kristofer','Johnson','271 Castro St.','Los Altos','7916087'),(283,'Everette','Parker','272 California St','Freemont','9354742'),(284,'Leandro','Walker','273 Townsend St.','Freemont','5567632'),(285,'Stuart','Garcia','274 Coolcotts Court','San Francisco','9385295'),(286,'Rickie','Rogers','275 Nowhere St','Freemont','9443480'),(287,'Vincenzo','Adams','276 Coolcotts Court','Sunnyvale','9718359'),(288,'Marcelino','Phillips','277 Castro St.','San Mateo','5504364'),(289,'Daren','Carter','278 California St','San Jose','9558132'),(290,'Myles','Lopez','279 Coolcotts Court','Campbell','9670955'),(291,'Moshe','Williams','280 Nowhere St','Freemont','5962385'),(292,'Vance','Johnson','281 California St','Mountain View','9550783'),(293,'Garret','Brown','282 Townsend St.','Campbell','8167219'),(294,'Sanford','Young','283 Townsend St.','Mountain View','7061903'),(295,'Bobbie','Jackson','284 Castro St.','San Jose','7816160'),(296,'Lincoln','Thompson','285 California St','San Jose','6773978'),(297,'Jonathan','Thompson','286 Townsend St.','San Mateo','9311971'),(298,'Frederick','Thomas','287 Castro St.','Los Gatos','9985210'),(299,'Harley','Baker','288 Castro St.','Freemont','6848708'),(300,'Kraig','Robinson','289 Townsend St.','Mountain View','5451689'),(301,'Jackie','Clark','290 California St','San Jose','6625267'),(302,'Bernardo','Young','291 Coolcotts Court','Los Gatos','7433508'),(303,'Marco','Gonzalez','292 Villa St.','San Mateo','5969816'),(304,'Jonathon','Young','293 Nowhere St','Campbell','9095044'),(305,'Quinn','Wright','294 Nowhere St','Freemont','7687076'),(306,'Santo','Carter','295 Townsend St.','Los Gatos','5321427'),(307,'Dewayne','Brown','296 Coolcotts Court','San Francisco','5163904'),(308,'Wilbert','Anderson','297 Townsend St.','Mountain View','5596744'),(309,'Vincent','Anderson','298 Nowhere St','Los Gatos','9627252'),(310,'Chong','Edwards','299 California St','San Francisco','8143875'),(311,'Branden','Davis','300 Townsend St.','San Mateo','8848670'),(312,'Jeffery','Carter','301 Nowhere St','Mountain View','9738043'),(313,'Gerry','Johnson','302 California St','Sunnyvale','5319111'),(314,'Terrence','Rodriguez','303 Castro St.','Sunnyvale','9437566'),(315,'Carlton','Moore','304 Nowhere St','San Mateo','6198710'),(316,'Gonzalo','White','305 Villa St.','Sunnyvale','9618719'),(317,'Dario','Thompson','306 Villa St.','San Mateo','5048296'),(318,'Reynaldo','Taylor','307 Nowhere St','Los Gatos','7359343'),(319,'Elbert','Wright','308 Nowhere St','San Francisco','5126199'),(320,'Alvaro','Wright','309 Townsend St.','San Jose','8902512'),(321,'Lucas','Moore','310 Castro St.','San Jose','8411011'),(322,'Elden','Miller','311 Nowhere St','San Francisco','6513411'),(323,'Horace','Miller','312 Townsend St.','Sunnyvale','8801875'),(324,'Duncan','Mitchell','313 Nowhere St','San Francisco','7673166'),(325,'Lionel','Moore','314 Townsend St.','Sunnyvale','8960288'),(326,'Cliff','Taylor','315 Coolcotts Court','Campbell','9873030'),(327,'Marcelino','Carter','316 Townsend St.','San Jose','6875891'),(328,'Duncan','Walker','317 Villa St.','Campbell','6515120'),(329,'Javier','Walker','318 Nowhere St','Freemont','7281422'),(330,'Collin','Johnson','319 Castro St.','San Jose','9899529'),(331,'Mauricio','Clark','320 California St','San Francisco','9260572'),(332,'Felton','Martin','321 Nowhere St','Sunnyvale','8297976'),(333,'Mitch','Adams','322 Villa St.','Freemont','9503215'),(334,'Sergio','Johnson','323 Townsend St.','San Jose','8191232'),(335,'Devon','Sanchez','324 Castro St.','San Jose','9066303'),(336,'Demarcus','Jackson','325 Castro St.','Mountain View','7397884'),(337,'Rusty','Baker','326 Castro St.','Campbell','5951153'),(338,'Miquel','Perez','327 Coolcotts Court','Mountain View','9193305'),(339,'Branden','Allen','328 Nowhere St','Los Gatos','5482730'),(340,'Brooks','Garcia','329 Villa St.','Campbell','7729129'),(341,'Avery','Martinez','330 California St','Los Altos','5754075'),(342,'Hobert','Adams','331 California St','Mountain View','6436462'),(343,'Gerry','Baker','332 Villa St.','San Jose','8366628'),(344,'Frederic','Collins','333 Townsend St.','Freemont','9138944'),(345,'Laverne','Harris','334 California St','Los Altos','8057676'),(346,'Waylon','Scott','335 Villa St.','San Francisco','5075759'),(347,'Anibal','Miller','336 Nowhere St','Mountain View','7425804'),(348,'Jimmy','Evans','337 California St','Sunnyvale','5504572'),(349,'Kelly','White','338 Townsend St.','Sunnyvale','5102119'),(350,'Dennis','Johnson','339 Townsend St.','San Francisco','6705418'),(351,'Kenny','Lewis','340 Castro St.','Freemont','5619039'),(352,'Emanuel','Jackson','341 Townsend St.','San Mateo','9113238'),(353,'Agustin','Evans','342 Castro St.','Freemont','6649382'),(354,'Isaac','Martin','343 Castro St.','San Jose','5954456'),(355,'Javier','Clark','344 Nowhere St','Mountain View','5607695'),(356,'Jermaine','Brown','345 Townsend St.','Los Altos','5032594'),(357,'Samuel','Gonzalez','346 Villa St.','Los Gatos','8399521'),(358,'Johnathon','Smith','347 Castro St.','Mountain View','5431981'),(359,'Millard','Martin','348 Villa St.','San Jose','5911332'),(360,'Vincent','Robinson','349 Castro St.','San Jose','5768087'),(361,'Galen','Baker','350 Villa St.','Los Altos','9904649'),(362,'Franklyn','Jones','351 Townsend St.','Los Altos','6998293'),(363,'Hector','White','352 California St','Freemont','8108614'),(364,'Damon','Edwards','353 Villa St.','San Jose','9035600'),(365,'Dalton','Roberts','354 Townsend St.','San Mateo','5506540'),(366,'Nicholas','Martinez','355 California St','Los Gatos','5799162'),(367,'Damon','Rogers','356 Villa St.','San Mateo','8860271'),(368,'Isaac','Phillips','357 Villa St.','Los Altos','7132953'),(369,'Edison','Clark','358 Townsend St.','Los Gatos','6159357'),(370,'Deangelo','Anderson','359 California St','Campbell','8462587'),(371,'Jamaal','Thomas','360 Coolcotts Court','Los Altos','8327628'),(372,'Anton','Johnson','361 Nowhere St','Campbell','7706294'),(373,'Rafael','Roberts','362 Coolcotts Court','San Jose','5951152'),(374,'Carol','Miller','363 Villa St.','San Mateo','6408379'),(375,'Alton','Harris','364 California St','San Jose','6409629'),(376,'Ernest','Thomas','365 Villa St.','San Mateo','6073435'),(377,'Kenny','Allen','366 Townsend St.','Freemont','9334661'),(378,'Melvin','Hernandez','367 Coolcotts Court','San Mateo','7262458'),(379,'Lavern','Perez','368 Coolcotts Court','Mountain View','7139086'),(380,'Kirby','Thompson','369 Castro St.','Campbell','7285060'),(381,'Charles','Williams','370 Nowhere St','Freemont','5192145'),(382,'Kendrick','Wright','371 Castro St.','Sunnyvale','6920283'),(383,'Aurelio','Clark','372 Nowhere St','Campbell','7602420'),(384,'Arturo','Lopez','373 Coolcotts Court','Freemont','5177810'),(385,'Carson','Wilson','374 Townsend St.','San Francisco','7683068'),(386,'Normand','Anderson','375 Coolcotts Court','San Jose','9318601'),(387,'Josue','Anderson','376 California St','San Jose','6395859'),(388,'Florentino','Harris','377 Townsend St.','Sunnyvale','9144542'),(389,'Isaac','Allen','378 California St','Sunnyvale','7613881'),(390,'Abram','Lopez','379 Villa St.','Mountain View','7385061'),(391,'Carroll','Martin','380 Nowhere St','San Jose','8894389'),(392,'Alejandro','Thomas','381 Castro St.','Los Altos','6489213'),(393,'Cecil','Wilson','382 Castro St.','San Jose','9923392'),(394,'Shelby','Evans','383 Villa St.','Sunnyvale','5724758'),(395,'Norris','Walker','384 Castro St.','Sunnyvale','7728923'),(396,'David','Evans','385 Castro St.','Los Gatos','8864422'),(397,'Garland','Moore','386 Castro St.','Los Altos','5289952'),(398,'Linwood','Taylor','387 Nowhere St','Freemont','5263445'),(399,'Stevie','Parker','388 Castro St.','San Francisco','6520617'),(400,'William','Johnson','389 Villa St.','San Mateo','8496321'),(401,'Brant','Clark','390 Townsend St.','Los Gatos','8451216'),(402,'Mathew','Hernandez','391 California St','Los Gatos','5896415'),(403,'Cecil','Morris','392 Townsend St.','Mountain View','7775959'),(404,'Christoper','Brown','393 Townsend St.','Mountain View','5583746'),(405,'Alphonse','Wright','394 Townsend St.','Mountain View','5555027'),(406,'Stanton','Thomas','395 California St','Los Gatos','5125972'),(407,'Demetrius','Williams','396 California St','Campbell','7397713'),(408,'Rudolph','Williams','397 Castro St.','Sunnyvale','8474260'),(409,'Colin','Phillips','398 California St','Sunnyvale','7928864'),(410,'Sergio','Rogers','399 Castro St.','San Francisco','9149387'),(411,'Ivory','White','400 Coolcotts Court','Mountain View','9834812'),(412,'Numbers','Wright','401 Townsend St.','Campbell','8976913'),(413,'Brice','Thompson','402 Villa St.','Los Altos','6788077'),(414,'Joesph','Rogers','403 Castro St.','Mountain View','9563655'),(415,'Doyle','Lewis','404 Nowhere St','Sunnyvale','5007870'),(416,'Hollis','Johnson','405 Villa St.','San Jose','8106826'),(417,'Junior','Roberts','406 Townsend St.','Los Gatos','6295381'),(418,'Grover','Parker','407 Townsend St.','San Jose','7671490'),(419,'Thanh','Anderson','408 Villa St.','Los Altos','8695579'),(420,'Bruce','Allen','409 Townsend St.','Los Gatos','8158460'),(421,'Jarred','Stewart','410 Nowhere St','Sunnyvale','7497205'),(422,'Benedict','Jones','411 California St','Mountain View','7421061'),(423,'Benito','Parker','412 Nowhere St','Los Altos','5118157'),(424,'Randal','Roberts','413 Castro St.','Los Gatos','5324659'),(425,'Guillermo','Mitchell','414 Nowhere St','Sunnyvale','5484291'),(426,'Millard','Williams','415 Villa St.','Los Altos','5307353'),(427,'Tomas','Martinez','416 California St','Los Gatos','7034286'),(428,'Felix','Smith','417 Castro St.','Los Gatos','6075136'),(429,'Roosevelt','Harris','418 Townsend St.','San Mateo','8760128'),(430,'Dewayne','Mitchell','419 Coolcotts Court','Sunnyvale','6070855'),(431,'Corey','Green','420 Nowhere St','Freemont','7084037'),(432,'Franklin','Taylor','421 Villa St.','San Jose','9092531'),(433,'Elias','Davis','422 California St','San Francisco','6717762'),(434,'Ahmed','Jones','423 Nowhere St','San Mateo','7695852'),(435,'Dorsey','Rodriguez','424 Villa St.','San Francisco','6514724'),(436,'Fidel','Thompson','425 Nowhere St','San Jose','8816309'),(437,'Claud','Miller','426 Villa St.','Sunnyvale','5187375'),(438,'Chang','Lopez','427 California St','Campbell','5356571'),(439,'Esteban','Lewis','428 Villa St.','San Mateo','8559634'),(440,'Hiram','Evans','429 Coolcotts Court','Sunnyvale','8368223'),(441,'Devin','Thompson','430 Coolcotts Court','Los Altos','7112043'),(442,'Vaughn','Brown','431 California St','Mountain View','6812651'),(443,'Forrest','Davis','432 California St','Mountain View','5429702'),(444,'Joseph','Clark','433 Townsend St.','Los Gatos','5494289'),(445,'Garry','Robinson','434 Nowhere St','Campbell','7484701'),(446,'Matthew','Phillips','435 Castro St.','San Jose','6112465'),(447,'Brett','Miller','436 Nowhere St','San Francisco','8490600'),(448,'Joaquin','Morris','437 Coolcotts Court','Campbell','6047311'),(449,'Guillermo','Collins','438 Castro St.','San Mateo','9051648'),(450,'Damian','Thompson','439 Coolcotts Court','Los Altos','5901146'),(451,'Nathanial','Moore','440 Townsend St.','San Jose','8674714'),(452,'Wilfred','Brown','441 California St','San Jose','9589185'),(453,'Walton','Lewis','442 Townsend St.','San Francisco','6578622'),(454,'Frederic','Davis','443 Nowhere St','Campbell','9698798'),(455,'Lenny','Walker','444 Villa St.','Freemont','5325800'),(456,'Arthur','Young','445 California St','San Francisco','5289224'),(457,'Clarence','Collins','446 Nowhere St','San Francisco','5983048'),(458,'Refugio','Green','447 Nowhere St','Mountain View','6192584'),(459,'Josiah','Thomas','448 Townsend St.','San Francisco','5437742'),(460,'Adolph','Walker','449 California St','San Francisco','5720481'),(461,'Mickey','Williams','450 Townsend St.','Sunnyvale','6358974'),(462,'Herbert','Walker','451 Villa St.','San Francisco','9074117'),(463,'Virgilio','Rodriguez','452 California St','Mountain View','8893610'),(464,'Fernando','Brown','453 Villa St.','Sunnyvale','6861601'),(465,'Broderick','Baker','454 Villa St.','San Jose','8816386'),(466,'Carmine','Anderson','455 Villa St.','Mountain View','6352007'),(467,'Wilfredo','Collins','456 California St','Sunnyvale','8757262'),(468,'Jesse','Clark','457 Castro St.','San Francisco','9247432'),(469,'Rufus','Davis','458 Townsend St.','Los Altos','6254162'),(470,'Peter','Rodriguez','459 Townsend St.','San Francisco','8264715'),(471,'Ezekiel','Turner','460 Coolcotts Court','San Jose','5237212'),(472,'Lemuel','Anderson','461 Townsend St.','Freemont','9163956'),(473,'Michael','Nelson','462 Villa St.','Campbell','6992860'),(474,'Bradley','Williams','463 Castro St.','Los Gatos','7560867'),(475,'Warren','Harris','464 California St','Freemont','6864989'),(476,'Sherwood','Adams','465 Townsend St.','Sunnyvale','5874551'),(477,'Diego','Garcia','466 Townsend St.','Los Altos','6965322'),(478,'Marcelo','Evans','467 California St','Campbell','8432527'),(479,'Miguel','Roberts','468 California St','San Francisco','7549758'),(480,'Clement','White','469 California St','Sunnyvale','8452959'),(481,'Clyde','Johnson','470 Townsend St.','San Mateo','8391209'),(482,'Timmy','Robinson','471 Coolcotts Court','Campbell','5915091'),(483,'Brain','Carter','472 Coolcotts Court','Mountain View','8662962'),(484,'Trinidad','Campbell','473 Townsend St.','Los Gatos','7319156'),(485,'Alton','Parker','474 Villa St.','San Jose','5398218'),(486,'Ronnie','Roberts','475 Coolcotts Court','San Francisco','9649892'),(487,'Logan','Garcia','476 California St','Campbell','9102527'),(488,'Maurice','Jones','477 California St','San Francisco','9472228'),(489,'Dewitt','Garcia','478 Castro St.','Los Altos','6910081'),(490,'Odell','Walker','479 Castro St.','Los Altos','7047620'),(491,'Reginald','Campbell','480 California St','San Francisco','7584261'),(492,'Denny','Martinez','481 California St','Los Gatos','5432035'),(493,'Jeramy','Turner','482 Townsend St.','Sunnyvale','6862692'),(494,'Christopher','Smith','483 Castro St.','Campbell','9403791'),(495,'Philip','Garcia','484 Castro St.','Los Gatos','9476804'),(496,'Rolland','Baker','485 Villa St.','San Jose','6509761'),(497,'Wilmer','Adams','486 Coolcotts Court','Sunnyvale','6887298'),(498,'Edgar','Gonzalez','487 California St','San Francisco','9100681'),(499,'Rueben','Rogers','488 Coolcotts Court','San Jose','6957404'),(500,'Chester','Jackson','489 Villa St.','San Jose','5590160'),(501,'Bruce','Thompson','490 Townsend St.','Mountain View','8715167'),(502,'Stewart','Hernandez','491 Nowhere St','Mountain View','6936316'),(503,'Vaughn','Martinez','492 California St','Sunnyvale','5607318'),(504,'Courtney','Miller','493 Villa St.','Mountain View','5278252'),(505,'Ricardo','Clark','494 Villa St.','Freemont','9192201'),(506,'Orville','Hernandez','495 Coolcotts Court','Freemont','5784693'),(507,'Truman','Johnson','496 California St','Sunnyvale','9557080'),(508,'Zachary','White','497 Coolcotts Court','Freemont','7590331'),(509,'Wesley','Carter','498 Townsend St.','Mountain View','7178383'),(510,'Fritz','Green','499 Townsend St.','San Francisco','8002027'),(511,'Boris','Lopez','500 Townsend St.','Freemont','5489888'),(512,'Anibal','Davis','501 Townsend St.','Campbell','8493885'),(513,'Damien','Nelson','502 Villa St.','Freemont','5811116'),(514,'Donnie','Jones','503 Coolcotts Court','Campbell','5591268'),(515,'Mario','Evans','504 Nowhere St','Los Altos','5905184'),(516,'Roderick','Parker','505 Townsend St.','Sunnyvale','9842790'),(517,'Vaughn','Edwards','506 Nowhere St','San Jose','5137426'),(518,'Deangelo','Nelson','507 Castro St.','Campbell','6033106'),(519,'Arlie','Rogers','508 Villa St.','Sunnyvale','9806335'),(520,'Vincenzo','Hernandez','509 Nowhere St','Freemont','7543815'),(521,'Zackary','Anderson','510 Coolcotts Court','Los Gatos','9821715'),(522,'Byron','Taylor','511 Townsend St.','San Jose','6655096'),(523,'Randy','Campbell','512 Castro St.','San Mateo','6564317'),(524,'Robbie','Roberts','513 Coolcotts Court','Freemont','9658037'),(525,'Jamey','Adams','514 Castro St.','San Francisco','9872542'),(526,'Guadalupe','Thompson','515 Villa St.','Los Gatos','8709345'),(527,'Orville','Hernandez','516 Castro St.','San Francisco','7616302'),(528,'Jamison','Edwards','517 Coolcotts Court','San Francisco','8970914'),(529,'Lucien','Young','518 Castro St.','Mountain View','9440030'),(530,'Dallas','Green','519 Coolcotts Court','Los Gatos','5250865'),(531,'Randell','Turner','520 Castro St.','Los Gatos','8590195'),(532,'Steven','White','521 Coolcotts Court','San Francisco','7821566'),(533,'Parker','Martin','522 California St','Los Altos','9640770'),(534,'Chris','Johnson','523 Nowhere St','Freemont','5945862'),(535,'Mitchell','Rogers','524 California St','San Francisco','5913265'),(536,'Carey','Adams','525 Townsend St.','Freemont','7555956'),(537,'Monte','Baker','526 Villa St.','Los Altos','6525442'),(538,'Edgardo','Evans','527 Coolcotts Court','San Jose','7328038'),(539,'Philip','Taylor','528 California St','Los Altos','8335542'),(540,'Craig','Moore','529 Coolcotts Court','San Mateo','6870904'),(541,'Everett','Campbell','530 California St','Freemont','8037556'),(542,'Herman','Lewis','531 Villa St.','San Francisco','7679930'),(543,'Jacques','Martin','532 Townsend St.','Sunnyvale','5417427'),(544,'Harlan','Young','533 Villa St.','Los Gatos','5337048'),(545,'Rogelio','Wilson','534 California St','Mountain View','6100422'),(546,'Douglas','Allen','535 Townsend St.','San Mateo','7255924'),(547,'Curtis','Perez','536 Villa St.','Campbell','5781860'),(548,'Quinton','Taylor','537 Villa St.','Campbell','6274765'),(549,'Phillip','Williams','538 Castro St.','Los Gatos','9289014'),(550,'Emmett','Edwards','539 Coolcotts Court','San Jose','5097386'),(551,'Oliver','Thompson','540 Villa St.','San Francisco','7171690'),(552,'Williams','Collins','541 Villa St.','San Mateo','5813586'),(553,'Brendon','Scott','542 Nowhere St','Los Altos','8273961'),(554,'Alvin','Thomas','543 Villa St.','Los Gatos','9126410'),(555,'Mariano','Lewis','544 Nowhere St','Freemont','6628332'),(556,'Lyndon','Turner','545 Villa St.','Mountain View','9576195'),(557,'Dominique','Campbell','546 Nowhere St','Los Gatos','7278025'),(558,'Jamie','Harris','547 Townsend St.','Los Altos','6791080'),(559,'Micheal','Brown','548 Coolcotts Court','Los Altos','6321019'),(560,'Mohamed','Thompson','549 Castro St.','Campbell','8603545'),(561,'Merlin','Gonzalez','550 California St','Los Altos','9150826'),(562,'Hubert','Martin','551 California St','Los Altos','9905429'),(563,'Dominick','Thompson','552 Nowhere St','Los Altos','8720054'),(564,'Kieth','Nelson','553 Coolcotts Court','Los Altos','5160475'),(565,'Weldon','Gonzalez','554 California St','San Mateo','7040687'),(566,'Deshawn','Wright','555 California St','San Jose','5132845'),(567,'Willie','Smith','556 Castro St.','San Francisco','9580975'),(568,'Rupert','Thomas','557 Coolcotts Court','Mountain View','7070138'),(569,'Mohammad','Scott','558 Nowhere St','Freemont','9166222'),(570,'Raymundo','Mitchell','559 Villa St.','Los Gatos','7694509'),(571,'Wilmer','Garcia','560 California St','Campbell','5205462'),(572,'Walter','Perez','561 Castro St.','San Francisco','5815968'),(573,'Shirley','Young','562 Nowhere St','San Mateo','8897902'),(574,'Lawerence','White','563 Nowhere St','Sunnyvale','5273616'),(575,'Garth','Mitchell','564 Nowhere St','Campbell','8383366'),(576,'Fermin','Collins','565 Coolcotts Court','San Jose','9828831'),(577,'Billie','Thompson','566 Coolcotts Court','San Mateo','5527263'),(578,'Edgar','Jackson','567 Townsend St.','Campbell','6624451'),(579,'Clemente','Robinson','568 Townsend St.','Los Altos','9215729'),(580,'Dorian','Adams','569 Castro St.','Los Altos','5031591'),(581,'Marcellus','Rodriguez','570 Nowhere St','Campbell','6101564'),(582,'Leonardo','Harris','571 Castro St.','Sunnyvale','7688802'),(583,'Willian','Moore','572 Castro St.','Los Gatos','6399996'),(584,'Augustus','Wilson','573 Townsend St.','Sunnyvale','8875570'),(585,'Frankie','Gonzalez','574 Castro St.','San Jose','9632326'),(586,'Armand','Roberts','575 Castro St.','Campbell','7273496'),(587,'Luther','Hernandez','576 Villa St.','San Mateo','5485562'),(588,'Horacio','Morris','577 Castro St.','San Mateo','5374251'),(589,'Hayden','Rogers','578 California St','Sunnyvale','8547920'),(590,'Irving','Miller','579 Nowhere St','Sunnyvale','5968734'),(591,'Billy','Sanchez','580 Townsend St.','Los Gatos','6777663'),(592,'Zachariah','Lopez','581 Coolcotts Court','San Mateo','9026178'),(593,'Lesley','Harris','582 Villa St.','Sunnyvale','6939786'),(594,'Stacy','Young','583 Townsend St.','Los Gatos','7586072'),(595,'David','Miller','584 California St','Mountain View','9846786'),(596,'Stacey','Lewis','585 Villa St.','San Mateo','6178832'),(597,'Leonard','White','586 Castro St.','Campbell','7428083'),(598,'Wilbur','Morris','587 Villa St.','San Mateo','7021882'),(599,'Francesco','Thompson','588 Townsend St.','Los Gatos','9041895'),(600,'Lenard','Clark','589 California St','San Jose','9627379'),(601,'Carson','Wright','590 Castro St.','San Francisco','6297888'),(602,'Dominic','Thomas','591 California St','San Francisco','7855005'),(603,'Lance','Hernandez','592 Coolcotts Court','Freemont','9754139'),(604,'Garland','Nelson','593 Coolcotts Court','Los Gatos','7036629'),(605,'Garry','Jackson','594 California St','Los Altos','5322376'),(606,'Lavern','Jones','595 Nowhere St','San Mateo','9009785'),(607,'Courtney','Mitchell','596 Coolcotts Court','San Francisco','8198077'),(608,'Hunter','Stewart','597 Castro St.','San Francisco','8936093'),(609,'Graig','Jones','598 Castro St.','Freemont','7456199'),(610,'Emory','Anderson','599 Townsend St.','Mountain View','7529588'),(611,'Hubert','Roberts','600 Townsend St.','Campbell','6648882'),(612,'Christopher','Jackson','601 Castro St.','San Jose','9624831'),(613,'Chang','Lewis','602 Villa St.','San Francisco','5188118'),(614,'Rayford','Martinez','603 Coolcotts Court','Campbell','6181248'),(615,'Jamar','Carter','604 Villa St.','Los Gatos','7690744'),(616,'Lindsey','Campbell','605 California St','Freemont','9070659'),(617,'Colin','Harris','606 Coolcotts Court','Los Altos','5283708'),(618,'Leonardo','Brown','607 Villa St.','San Jose','8285170'),(619,'Hosea','Phillips','608 Castro St.','Mountain View','8869355'),(620,'Britt','Harris','609 Castro St.','San Jose','6970792'),(621,'Clifford','Williams','610 Nowhere St','Freemont','8811293'),(622,'Frank','Stewart','611 Castro St.','Sunnyvale','9593273'),(623,'Jospeh','Johnson','612 Nowhere St','Mountain View','8475695'),(624,'Javier','Phillips','613 California St','San Francisco','9403570'),(625,'Clint','Nelson','614 Nowhere St','Campbell','8538998'),(626,'Florentino','Green','615 Castro St.','San Francisco','5241449'),(627,'Darnell','Rogers','616 Villa St.','San Jose','8166854'),(628,'Manuel','Miller','617 Coolcotts Court','Freemont','6468081'),(629,'Lemuel','Green','618 Villa St.','Los Altos','7760640'),(630,'Kendrick','Jackson','619 Townsend St.','San Francisco','6537315'),(631,'Sidney','Baker','620 Villa St.','Mountain View','5379314'),(632,'Jamar','Parker','621 Townsend St.','San Francisco','8870655'),(633,'Sanford','Campbell','622 Nowhere St','San Mateo','7688602'),(634,'Teddy','Scott','623 Townsend St.','San Mateo','7284636'),(635,'Erasmo','Sanchez','624 Castro St.','San Jose','5908175'),(636,'Preston','Adams','625 Nowhere St','San Jose','6365142'),(637,'Cleveland','Campbell','626 Castro St.','Mountain View','9654749'),(638,'Frederick','Nelson','627 Coolcotts Court','Mountain View','8581413'),(639,'Antoine','Morris','628 Coolcotts Court','San Mateo','8239643'),(640,'Alexis','Wilson','629 Townsend St.','San Mateo','5641051'),(641,'Jonah','Adams','630 Townsend St.','Mountain View','7603357'),(642,'Horace','Baker','631 California St','Mountain View','8861546'),(643,'Ralph','Edwards','632 Townsend St.','San Mateo','7830180'),(644,'Samual','Smith','633 Nowhere St','Freemont','9957109'),(645,'Gregg','Wright','634 Townsend St.','San Mateo','5934915'),(646,'Antonia','Thomas','635 Nowhere St','Campbell','8881174'),(647,'Darell','Gonzalez','636 Townsend St.','San Mateo','8538216'),(648,'Donovan','Jackson','637 Coolcotts Court','San Mateo','7488248'),(649,'Jefferson','Anderson','638 Nowhere St','Campbell','8075299'),(650,'Richard','Rodriguez','639 Villa St.','Sunnyvale','9275161'),(651,'Norberto','Edwards','640 Coolcotts Court','Los Gatos','5519927'),(652,'Lonny','Young','641 Coolcotts Court','Los Gatos','9092929'),(653,'Jackie','Morris','642 California St','San Francisco','5819432'),(654,'Woodrow','Morris','643 Nowhere St','Los Altos','5271906'),(655,'Edwardo','Thompson','644 Townsend St.','Mountain View','6027876'),(656,'Sammy','Hernandez','645 Coolcotts Court','Sunnyvale','9640840'),(657,'Marcellus','Scott','646 Townsend St.','Los Gatos','7198797'),(658,'Octavio','Morris','647 Nowhere St','Freemont','8535007'),(659,'Florentino','Roberts','648 Coolcotts Court','Campbell','6643344'),(660,'Willis','Thompson','649 Villa St.','Los Gatos','5080884'),(661,'Edgardo','Carter','650 Coolcotts Court','Los Gatos','9268524'),(662,'Arlen','Miller','651 California St','Los Altos','9809083'),(663,'Danilo','Robinson','652 Coolcotts Court','Sunnyvale','9975919'),(664,'Jospeh','Robinson','653 Castro St.','Campbell','8891611'),(665,'Rogelio','Roberts','654 Townsend St.','San Jose','8918987'),(666,'Devin','Rodriguez','655 Villa St.','Los Gatos','8417831'),(667,'Tanner','Miller','656 California St','San Francisco','6462207'),(668,'Grover','Green','657 Nowhere St','Campbell','6985437'),(669,'Bennie','Stewart','658 Nowhere St','San Francisco','6642422'),(670,'Courtney','Martinez','659 Townsend St.','San Jose','9923876'),(671,'Emmanuel','Martinez','660 Villa St.','Mountain View','8907108'),(672,'Raphael','Miller','661 Castro St.','Campbell','8877479'),(673,'Jamison','Clark','662 California St','San Jose','5878841'),(674,'Albert','Jones','663 Castro St.','Los Gatos','5376995'),(675,'Aaron','Williams','664 Nowhere St','Los Altos','7929880'),(676,'Numbers','Walker','665 Nowhere St','Los Altos','9143007'),(677,'Daryl','White','666 Castro St.','Los Altos','8344446'),(678,'Arlen','Collins','667 California St','Los Altos','5747803'),(679,'Randy','Brown','668 California St','San Jose','5623257'),(680,'Laurence','Roberts','669 California St','Campbell','8158649'),(681,'Emilio','Jones','670 Townsend St.','Los Gatos','6784486'),(682,'Sandy','Adams','671 Townsend St.','Mountain View','6264117'),(683,'Clemente','Thompson','672 California St','Los Gatos','6950499'),(684,'Jessie','Perez','673 California St','Sunnyvale','8289256'),(685,'Heath','Clark','674 Nowhere St','Los Altos','8011133'),(686,'Hobert','Johnson','675 Nowhere St','San Mateo','5165244'),(687,'Dennis','Jackson','676 Nowhere St','Los Altos','5217262'),(688,'Rosario','Clark','677 Coolcotts Court','San Francisco','6691558'),(689,'Jimmie','Gonzalez','678 Nowhere St','San Mateo','9578451'),(690,'Gonzalo','Rodriguez','679 Castro St.','San Jose','6137542'),(691,'Lindsey','Young','680 Nowhere St','Mountain View','5274828'),(692,'Merlin','Taylor','681 Villa St.','Sunnyvale','5789230'),(693,'Darrell','Miller','682 Nowhere St','San Jose','5082714'),(694,'Francis','Gonzalez','683 Nowhere St','Mountain View','6995969'),(695,'Booker','Lewis','684 Townsend St.','Los Gatos','8784898'),(696,'Albert','Allen','685 Townsend St.','San Mateo','9719513'),(697,'Raymundo','Morris','686 Townsend St.','Freemont','9219964'),(698,'Tyree','Williams','687 Townsend St.','Freemont','7093368'),(699,'Booker','Scott','688 Nowhere St','San Jose','9917449'),(700,'Marlin','Robinson','689 Coolcotts Court','San Jose','7839744'),(701,'Silas','White','690 Nowhere St','Los Altos','9266552'),(702,'Avery','Lopez','691 Coolcotts Court','Mountain View','7097403'),(703,'Wilber','Wilson','692 Castro St.','Campbell','7661595'),(704,'James','Edwards','693 Townsend St.','Campbell','5977107'),(705,'Marvin','Gonzalez','694 Villa St.','San Mateo','6934770'),(706,'Virgil','Wilson','695 Villa St.','San Francisco','9798638'),(707,'Genaro','Turner','696 Nowhere St','Sunnyvale','6726440'),(708,'Dominique','White','697 Nowhere St','San Mateo','7696509'),(709,'Danial','Scott','698 Castro St.','Campbell','9896583'),(710,'Eugene','Sanchez','699 Castro St.','San Mateo','8260167'),(711,'Mauro','Lewis','700 Villa St.','San Francisco','6341499'),(712,'Dewayne','Scott','701 California St','Mountain View','8056402'),(713,'Ronnie','Martin','702 Villa St.','Los Gatos','7586104'),(714,'Adrian','Campbell','703 Townsend St.','San Jose','8347940'),(715,'Lorenzo','Wright','704 Coolcotts Court','Los Gatos','6372957'),(716,'Myles','Adams','705 Nowhere St','Los Altos','6893196'),(717,'Eldridge','Wright','706 Villa St.','Mountain View','5482666'),(718,'Bertram','Brown','707 Coolcotts Court','Mountain View','6864014'),(719,'Landon','Campbell','708 Nowhere St','San Francisco','9756778'),(720,'Young','Sanchez','709 Castro St.','Campbell','6955011'),(721,'Sammie','Sanchez','710 Coolcotts Court','San Francisco','8577438'),(722,'Kerry','Edwards','711 Nowhere St','Los Gatos','7616551'),(723,'Monty','Wright','712 Townsend St.','San Jose','8900761'),(724,'Davis','Miller','713 Nowhere St','Freemont','6340933'),(725,'Gerard','Young','714 Nowhere St','San Jose','7058105'),(726,'Kristopher','Edwards','715 Coolcotts Court','Campbell','8149957'),(727,'Devon','Scott','716 Coolcotts Court','San Jose','5938136'),(728,'Hector','Martin','717 Castro St.','Los Gatos','7858207'),(729,'Kennith','Nelson','718 Villa St.','Sunnyvale','9343194'),(730,'Miquel','Lopez','719 Castro St.','Los Altos','9263009'),(731,'Luther','Perez','720 Villa St.','Los Gatos','9697983'),(732,'Kelly','Roberts','721 Nowhere St','Campbell','9571706'),(733,'Malik','Scott','722 Coolcotts Court','Los Gatos','9186157'),(734,'Moses','Wright','723 Castro St.','Mountain View','9295177'),(735,'Dominic','Rodriguez','724 Nowhere St','Campbell','9537591'),(736,'Herman','Wilson','725 Townsend St.','San Francisco','7490462'),(737,'Rodney','Mitchell','726 Coolcotts Court','Mountain View','9438695'),(738,'Kirby','White','727 Villa St.','Los Altos','6409959'),(739,'Deshawn','Morris','728 California St','Los Altos','6576050'),(740,'Tommy','Martinez','729 Coolcotts Court','Mountain View','9586775'),(741,'Malcolm','Edwards','730 Coolcotts Court','San Jose','5581736'),(742,'Weldon','Davis','731 Villa St.','San Jose','6172195'),(743,'Mathew','Garcia','732 Castro St.','Freemont','7219312'),(744,'Maximo','Martin','733 Castro St.','San Mateo','8425173'),(745,'Kareem','Allen','734 California St','Campbell','5466482'),(746,'Ruben','Sanchez','735 Townsend St.','Campbell','6449195'),(747,'Cornelius','Wright','736 Townsend St.','Campbell','8680284'),(748,'Antonia','Harris','737 Coolcotts Court','San Mateo','7924085'),(749,'Conrad','Green','738 Nowhere St','San Mateo','9387642'),(750,'Marcel','Clark','739 Villa St.','San Francisco','7904118'),(751,'Jonathon','Jones','740 Castro St.','Freemont','5234315'),(752,'Scotty','Moore','741 Villa St.','Freemont','9496322'),(753,'Jerold','Martin','742 Coolcotts Court','Los Altos','8822787'),(754,'Marcelo','Lewis','743 Townsend St.','Sunnyvale','8005690'),(755,'Arden','Davis','744 Nowhere St','Campbell','8604922'),(756,'Rusty','Garcia','745 Castro St.','San Mateo','5354495'),(757,'Chong','Wilson','746 Castro St.','Sunnyvale','9011471'),(758,'Dallas','Rogers','747 Coolcotts Court','San Mateo','9654068'),(759,'Gustavo','Thomas','748 Castro St.','San Mateo','6844445'),(760,'Margarito','Carter','749 Castro St.','San Jose','7613872'),(761,'Kendall','Young','750 Townsend St.','San Mateo','7688936'),(762,'Porfirio','Young','751 Coolcotts Court','San Francisco','8181918'),(763,'Warner','Stewart','752 Coolcotts Court','Campbell','6644986'),(764,'Keneth','Rogers','753 Villa St.','Sunnyvale','7901721'),(765,'Pablo','Mitchell','754 Castro St.','Sunnyvale','6791596'),(766,'Terrence','White','755 Castro St.','San Francisco','8476912'),(767,'Lonny','Wright','756 California St','Los Gatos','9213991'),(768,'Marquis','Perez','757 Nowhere St','San Mateo','6354747'),(769,'Fredrick','Miller','758 Villa St.','Los Gatos','6330070'),(770,'Alfredo','Green','759 Castro St.','San Jose','9341865'),(771,'Randall','Clark','760 California St','Campbell','7229774'),(772,'Matthew','Gonzalez','761 Townsend St.','Campbell','7948478'),(773,'Elisha','Sanchez','762 Castro St.','Los Altos','7196794'),(774,'Wyatt','Johnson','763 Castro St.','Los Altos','6908218'),(775,'Anderson','Anderson','764 California St','San Mateo','9325006'),(776,'Mervin','Wilson','765 Nowhere St','San Mateo','8399818'),(777,'Ervin','Walker','766 Castro St.','Mountain View','7062604'),(778,'Toney','Anderson','767 California St','Sunnyvale','5961737'),(779,'Wiley','Sanchez','768 Townsend St.','Campbell','7755607'),(780,'Angelo','Hernandez','769 Townsend St.','Los Altos','6480422'),(781,'Jarrod','Campbell','770 Villa St.','San Francisco','6032760'),(782,'Woodrow','Wright','771 Villa St.','Mountain View','6778502'),(783,'Marshall','Morris','772 Coolcotts Court','Los Altos','5268911'),(784,'Marcelino','Allen','773 Townsend St.','Mountain View','6010716'),(785,'Jonah','Gonzalez','774 Nowhere St','San Jose','5601479'),(786,'Jimmie','Evans','775 California St','Los Gatos','7442615'),(787,'Raymond','Anderson','776 Coolcotts Court','Mountain View','9319173'),(788,'Gaylord','Roberts','777 California St','Freemont','5383847'),(789,'Ralph','Martinez','778 Nowhere St','Los Gatos','7886193'),(790,'Tobias','Thomas','779 Castro St.','San Francisco','8774868'),(791,'Cesar','Williams','780 Coolcotts Court','San Jose','7523596'),(792,'Pasquale','Turner','781 California St','San Mateo','8692912'),(793,'Ellsworth','Jones','782 Castro St.','Mountain View','7274743'),(794,'August','Brown','783 California St','San Francisco','5068965'),(795,'Rolando','Parker','784 Townsend St.','San Jose','8073724'),(796,'Vincenzo','Morris','785 California St','Los Altos','6783235'),(797,'Erwin','Robinson','786 Townsend St.','Campbell','7258718'),(798,'Samuel','Stewart','787 Townsend St.','Campbell','5679070'),(799,'Shawn','Miller','788 Villa St.','San Jose','6069855'),(800,'Broderick','Davis','789 Townsend St.','San Jose','5877180'),(801,'Keith','Campbell','790 Villa St.','Sunnyvale','5212078'),(802,'Barney','Roberts','791 Coolcotts Court','Freemont','9693796'),(803,'Marcos','Scott','792 Townsend St.','Los Gatos','8450551'),(804,'Broderick','Allen','793 Villa St.','Mountain View','8968278'),(805,'Bruno','Moore','794 Villa St.','San Francisco','8988827'),(806,'Lonny','Morris','795 Villa St.','Freemont','8142978'),(807,'Zackary','Smith','796 Townsend St.','San Jose','7530241'),(808,'Carey','Robinson','797 Townsend St.','Sunnyvale','9589045'),(809,'Darin','Taylor','798 Villa St.','San Francisco','5382145'),(810,'Sanford','Jones','799 Villa St.','Campbell','6687839'),(811,'Mervin','Miller','800 Coolcotts Court','Mountain View','6293778'),(812,'Edgar','Evans','801 Villa St.','Sunnyvale','6142004'),(813,'Marlin','Sanchez','802 Castro St.','Sunnyvale','6256688'),(814,'Wendell','Perez','803 Castro St.','Los Gatos','9037942'),(815,'Emery','Smith','804 Nowhere St','San Jose','7254250'),(816,'Thomas','Roberts','805 California St','Sunnyvale','6109708'),(817,'Willard','White','806 Townsend St.','Campbell','8192605'),(818,'Stefan','Rodriguez','807 California St','Sunnyvale','7712123'),(819,'Tanner','Collins','808 Castro St.','San Mateo','5173195'),(820,'Fidel','Martin','809 Nowhere St','Los Altos','8764481'),(821,'Ariel','Garcia','810 Castro St.','Freemont','9570214'),(822,'Sherman','Lopez','811 Villa St.','San Francisco','7428118'),(823,'Johnie','Roberts','812 California St','Mountain View','7113174'),(824,'Coleman','Evans','813 Villa St.','Freemont','9508584'),(825,'Conrad','Phillips','814 Nowhere St','San Mateo','9170015'),(826,'Emory','Collins','815 Castro St.','Sunnyvale','8361327'),(827,'Arthur','Robinson','816 California St','San Jose','7365157'),(828,'Leonard','Perez','817 Coolcotts Court','Mountain View','9031852'),(829,'Marcus','White','818 Coolcotts Court','Campbell','8855499'),(830,'Vaughn','Mitchell','819 Coolcotts Court','Los Altos','9743315'),(831,'Linwood','Turner','820 Castro St.','Freemont','7604585'),(832,'Branden','White','821 Townsend St.','Campbell','9843546'),(833,'Alexander','Davis','822 Nowhere St','San Jose','5855638'),(834,'Floyd','Harris','823 Castro St.','Sunnyvale','7721783'),(835,'Efrain','Clark','824 Coolcotts Court','Freemont','9688907'),(836,'Octavio','Green','825 Castro St.','Freemont','6424098'),(837,'Marty','Carter','826 California St','Los Gatos','8830401'),(838,'Edison','Morris','827 Nowhere St','Campbell','9914030'),(839,'Ernie','Gonzalez','828 California St','Los Altos','7525311'),(840,'Zachariah','Edwards','829 Townsend St.','Campbell','6867347'),(841,'Chester','Thompson','830 Townsend St.','Mountain View','9873102'),(842,'Roman','Sanchez','831 Townsend St.','Sunnyvale','6634420'),(843,'Sheldon','Johnson','832 Castro St.','Campbell','9297840'),(844,'Devon','Smith','833 California St','San Jose','7559516'),(845,'Scott','Lewis','834 Villa St.','Los Altos','8475343'),(846,'Everett','Walker','835 Coolcotts Court','Freemont','7711408'),(847,'Zachery','Nelson','836 Villa St.','Los Altos','6323188'),(848,'Cesar','Wilson','837 California St','San Mateo','5250185'),(849,'Benedict','Lopez','838 Coolcotts Court','Freemont','7560526'),(850,'Clinton','Green','839 Townsend St.','Sunnyvale','5946949'),(851,'Forrest','Roberts','840 Villa St.','San Jose','5767723'),(852,'Erick','Mitchell','841 Castro St.','San Mateo','8121450'),(853,'Kenneth','Turner','842 Castro St.','Mountain View','7048305'),(854,'Dennis','Gonzalez','843 Coolcotts Court','Los Altos','7282383'),(855,'Royal','Young','844 Townsend St.','Los Gatos','8354046'),(856,'Christian','Brown','845 Nowhere St','San Mateo','5941591'),(857,'Mickey','Collins','846 Coolcotts Court','San Francisco','9180509'),(858,'Stewart','Lopez','847 Nowhere St','San Francisco','8638552'),(859,'Moses','Walker','848 California St','San Mateo','9417379'),(860,'Gregorio','Stewart','849 California St','Los Gatos','8114779'),(861,'Edwin','Collins','850 Castro St.','San Mateo','7987743'),(862,'Dudley','Parker','851 Castro St.','San Mateo','8340139'),(863,'Theron','Sanchez','852 Nowhere St','Campbell','7148695'),(864,'Rhett','Moore','853 Nowhere St','Los Altos','6271700'),(865,'Jonah','Davis','854 Castro St.','Sunnyvale','7814485'),(866,'Patricia','Morris','855 Coolcotts Court','Los Altos','9598166'),(867,'Rudolph','Anderson','856 Coolcotts Court','Sunnyvale','9584565'),(868,'Christian','Adams','857 Townsend St.','San Mateo','7624151'),(869,'Mauro','Hernandez','858 California St','San Mateo','6083446'),(870,'Jonas','Jackson','859 Nowhere St','Los Altos','8984942'),(871,'Normand','Brown','860 Coolcotts Court','Campbell','9819815'),(872,'Gordon','Jackson','861 Nowhere St','San Francisco','5514756'),(873,'Vernon','Wilson','862 California St','Campbell','9023606'),(874,'Emory','Edwards','863 Nowhere St','Los Gatos','6100741'),(875,'Lamont','Adams','864 Townsend St.','Freemont','7731144'),(876,'Quintin','Taylor','865 Villa St.','Mountain View','9246101'),(877,'Cliff','Smith','866 Nowhere St','Campbell','9514267'),(878,'Sydney','Martinez','867 Townsend St.','Freemont','9336601'),(879,'Scotty','White','868 Castro St.','Sunnyvale','7136823'),(880,'Emerson','Nelson','869 Nowhere St','Sunnyvale','8342281'),(881,'Randy','Hernandez','870 Coolcotts Court','Mountain View','8750451'),(882,'Toney','Thompson','871 Castro St.','Los Gatos','5682992'),(883,'Trent','Scott','872 Nowhere St','Sunnyvale','7927053'),(884,'Antony','Stewart','873 Nowhere St','San Jose','6988680'),(885,'Alfonso','Adams','874 Nowhere St','Los Gatos','5031404'),(886,'Harlan','Parker','875 Villa St.','Campbell','5882573'),(887,'Herbert','Perez','876 Castro St.','Sunnyvale','8296713'),(888,'Felton','Williams','877 Coolcotts Court','San Francisco','7424965'),(889,'Orville','Martinez','878 Castro St.','Mountain View','5338089'),(890,'Trinidad','Lopez','879 California St','Freemont','6022503'),(891,'Milton','Gonzalez','880 Townsend St.','Sunnyvale','6179936'),(892,'Zachery','Clark','881 Castro St.','Freemont','7377032'),(893,'Arnold','Rodriguez','882 Coolcotts Court','Mountain View','6446080'),(894,'Fabian','Wilson','883 Castro St.','Los Gatos','5756152'),(895,'Dexter','Allen','884 Castro St.','Los Altos','7321790'),(896,'Perry','Hernandez','885 Villa St.','Freemont','8633881'),(897,'Vince','Gonzalez','886 Nowhere St','Freemont','9564045'),(898,'Ricardo','Phillips','887 Castro St.','Los Gatos','5528525'),(899,'Shane','Collins','888 California St','San Mateo','8315014'),(900,'Bradly','Hernandez','889 Nowhere St','Sunnyvale','8056072'),(901,'Benedict','Thomas','890 Townsend St.','San Jose','6740307'),(902,'Steve','Johnson','891 Villa St.','Freemont','6983824'),(903,'Haywood','Collins','892 Nowhere St','San Jose','6108395'),(904,'Eldon','Turner','893 Villa St.','Sunnyvale','6938267'),(905,'Kenton','White','894 Castro St.','San Jose','6593272'),(906,'Darrick','Martinez','895 Nowhere St','Los Altos','6598892'),(907,'Conrad','Baker','896 Castro St.','Sunnyvale','5255208'),(908,'Leandro','Brown','897 Nowhere St','Los Altos','5442716'),(909,'Edgardo','Lopez','898 Coolcotts Court','Mountain View','5761801'),(910,'Michale','Young','899 Nowhere St','Los Altos','8898094'),(911,'Nicolas','Hernandez','900 Castro St.','Sunnyvale','8536704'),(912,'Aubrey','Miller','901 Nowhere St','Campbell','6758694'),(913,'Josef','Carter','902 Villa St.','Los Gatos','7274434'),(914,'Ezequiel','Thompson','903 Townsend St.','San Jose','9872652'),(915,'Manuel','Sanchez','904 Villa St.','Los Gatos','5872410'),(916,'Robby','Turner','905 Coolcotts Court','San Jose','8209888'),(917,'Luther','Morris','906 Townsend St.','Campbell','7458836'),(918,'Jerold','Sanchez','907 Castro St.','San Francisco','8663584'),(919,'Rodrigo','Perez','908 Townsend St.','Los Gatos','5922440'),(920,'Johnny','Baker','909 Nowhere St','Los Altos','8075860'),(921,'Kerry','Rodriguez','910 Castro St.','San Mateo','8035488'),(922,'Daron','Wright','911 Villa St.','San Mateo','8106572'),(923,'Rayford','Phillips','912 Nowhere St','Los Altos','5604784'),(924,'Shaun','Garcia','913 Townsend St.','San Jose','8119316'),(925,'Terry','Wilson','914 California St','Mountain View','7301169'),(926,'Clair','Smith','915 California St','San Mateo','8425054'),(927,'Alfonso','Lewis','916 Townsend St.','Freemont','6283943'),(928,'Edmund','Thomas','917 California St','Mountain View','6026156'),(929,'Laurence','White','918 Coolcotts Court','San Jose','6300288'),(930,'Ellis','Green','919 Castro St.','San Mateo','8293131'),(931,'Jeramy','Martinez','920 California St','San Jose','7757247'),(932,'Emmanuel','Green','921 Villa St.','Los Altos','6314406'),(933,'Antonia','Sanchez','922 Townsend St.','Los Altos','6997170'),(934,'Arron','Young','923 Townsend St.','Mountain View','9494224'),(935,'Tomas','Parker','924 Villa St.','Los Altos','5834721'),(936,'Nelson','Wright','925 Townsend St.','Freemont','7743856'),(937,'Philip','Robinson','926 Castro St.','Los Gatos','9965301'),(938,'Dewitt','Martin','927 Nowhere St','Sunnyvale','7251597'),(939,'Reggie','Young','928 Villa St.','Freemont','5232438'),(940,'Robert','Stewart','929 Coolcotts Court','San Jose','5763044'),(941,'Shayne','Perez','930 Nowhere St','San Francisco','5827950'),(942,'Devon','Parker','931 Villa St.','Mountain View','9732743'),(943,'Lyndon','Lewis','932 Nowhere St','Freemont','7629842'),(944,'Armando','Evans','933 California St','San Mateo','5514495'),(945,'Bryan','Collins','934 Nowhere St','San Francisco','9981215'),(946,'Silas','Rodriguez','935 Villa St.','Campbell','8641094'),(947,'Michale','Walker','936 Castro St.','Los Gatos','9468615'),(948,'Buster','Johnson','937 Castro St.','Freemont','5239525'),(949,'Valentin','Gonzalez','938 California St','Los Altos','9799265'),(950,'Perry','Nelson','939 California St','San Jose','7054641'),(951,'Jerry','Anderson','940 Nowhere St','San Francisco','7761188'),(952,'Moshe','Parker','941 Nowhere St','Sunnyvale','5068428'),(953,'Jacques','Parker','942 Townsend St.','Campbell','5351823'),(954,'Cameron','Clark','943 Villa St.','San Mateo','8052920'),(955,'Bertram','Perez','944 Nowhere St','San Jose','7789518'),(956,'Darrel','Campbell','945 Coolcotts Court','San Jose','8891088'),(957,'Armando','Moore','946 Townsend St.','Sunnyvale','8898681'),(958,'Wilfredo','Lopez','947 California St','Mountain View','5615287'),(959,'Nathaniel','Rodriguez','948 Townsend St.','San Francisco','8188496'),(960,'Tristan','Roberts','949 California St','San Mateo','9867189'),(961,'Donte','Allen','950 Castro St.','Sunnyvale','5432565'),(962,'Santos','Robinson','951 Coolcotts Court','Los Altos','5547380'),(963,'Brendon','Stewart','952 Coolcotts Court','San Jose','5650395'),(964,'Richard','Miller','953 California St','Los Gatos','7025392'),(965,'Israel','Martin','954 California St','Los Gatos','8479636'),(966,'Daron','Campbell','955 Castro St.','San Mateo','8154971'),(967,'Modesto','Perez','956 Townsend St.','Sunnyvale','8910774'),(968,'Erich','Johnson','957 Castro St.','Los Gatos','5719931'),(969,'Stanley','Thomas','958 Townsend St.','Los Altos','8361889'),(970,'Stanley','Parker','959 Castro St.','Campbell','7680490'),(971,'Arthur','Young','960 Townsend St.','Los Altos','6063037'),(972,'Alphonse','Jackson','961 California St','Los Gatos','9402929'),(973,'Brooks','Rodriguez','962 Townsend St.','Los Altos','8296155'),(974,'Clement','Miller','963 Coolcotts Court','Freemont','7930906'),(975,'Kirby','Turner','964 Townsend St.','Freemont','8000482'),(976,'Nathanael','Smith','965 Townsend St.','Los Altos','8299477'),(977,'Amado','Garcia','966 California St','San Mateo','9184074'),(978,'Roland','Miller','967 Villa St.','San Jose','8800891'),(979,'Rafael','Davis','968 Coolcotts Court','San Mateo','6746527'),(980,'Shawn','Jones','969 Coolcotts Court','San Jose','8286433'),(981,'Jesse','Rogers','970 Coolcotts Court','San Jose','5691289'),(982,'Woodrow','Perez','971 California St','Mountain View','6711513'),(983,'Henry','Parker','972 Castro St.','San Jose','7455708'),(984,'Preston','Martinez','973 California St','Los Altos','6015070'),(985,'Richard','Perez','974 Townsend St.','San Jose','5921724'),(986,'Jeffrey','Turner','975 California St','San Jose','5688587'),(987,'Rigoberto','Lewis','976 Townsend St.','Los Altos','8892815'),(988,'Carol','Miller','977 Castro St.','Los Altos','6169851'),(989,'Dominique','Garcia','978 Villa St.','Freemont','9729204'),(990,'Thomas','Brown','979 Nowhere St','Los Gatos','6077867'),(991,'Ezequiel','Young','980 Coolcotts Court','Sunnyvale','5302715'),(992,'Thomas','Allen','981 Coolcotts Court','San Mateo','6113350'),(993,'Toney','Sanchez','982 Coolcotts Court','Freemont','5737858'),(994,'Clair','Jones','983 Castro St.','Mountain View','9517029'),(995,'Terry','Walker','984 Nowhere St','Los Gatos','9464584'),(996,'Moses','Walker','985 Castro St.','Los Altos','7573267'),(997,'Louis','Sanchez','986 Villa St.','Los Altos','7302088'),(998,'Eusebio','Mitchell','987 Castro St.','Freemont','6241366'),(999,'Jesse','Walker','988 Nowhere St','Mountain View','5783680'),(1000,'Dominique','Collins','989 Nowhere St','Sunnyvale','6780296'),(1001,'Hilario','Scott','990 Castro St.','Sunnyvale','8222574'),(1002,'Leonardo','Perez','991 Coolcotts Court','Los Gatos','5737193'),(1003,'Darin','Scott','992 Nowhere St','San Mateo','8202007'),(1004,'Johnson','Smith','993 Coolcotts Court','Los Altos','6525315'),(1005,'Nathanial','Lewis','994 California St','Mountain View','6994965'),(1006,'Heriberto','Brown','995 Nowhere St','Mountain View','9445490'),(1007,'Leandro','Martin','996 California St','Freemont','6962613'),(1008,'Denis','Jones','997 Coolcotts Court','Sunnyvale','9511071'),(1009,'Antony','Rogers','998 Townsend St.','Los Gatos','8445606'),(1010,'Terrance','Williams','999 Castro St.','Los Gatos','9490133'),(1011,'Mickey','Johnson','1000 California St','Sunnyvale','5319386'),(1012,'Demarcus','Roberts','1001 Villa St.','Los Altos','6846826'),(1013,'Julian','Garcia','1002 Castro St.','San Mateo','8316612'),(1014,'Francisco','Harris','1003 Villa St.','Freemont','5512408'),(1015,'Bertram','White','1004 Villa St.','Campbell','8739794'),(1016,'Stephen','Davis','1005 Nowhere St','San Mateo','8381096'),(1017,'Antone','Parker','1006 Townsend St.','Campbell','8690497'),(1018,'Foster','Martin','1007 Villa St.','San Mateo','9440232'),(1019,'Ronnie','Evans','1008 California St','Sunnyvale','6693220'),(1020,'Leroy','Evans','1009 Castro St.','Freemont','7117473'),(1021,'Kelvin','White','1010 Townsend St.','Sunnyvale','6189779'),(1022,'Orville','Miller','1011 Townsend St.','Los Gatos','9718129'),(1023,'Gilberto','Adams','1012 California St','Los Gatos','8915492'),(1024,'Jewell','Lewis','1013 Nowhere St','San Mateo','7761686'),(1025,'Tracey','Parker','1014 Villa St.','Freemont','8175331'),(1026,'Wilmer','Morris','1015 Coolcotts Court','Freemont','6018323'),(1027,'Mohammad','Carter','1016 Villa St.','Los Gatos','7162464'),(1028,'Ralph','Thomas','1017 Coolcotts Court','Campbell','6094237'),(1029,'Geoffrey','Lopez','1018 Nowhere St','Mountain View','8964756'),(1030,'Brice','Green','1019 Coolcotts Court','Campbell','5880031'),(1031,'Kelley','Rodriguez','1020 Townsend St.','Los Altos','6178944'),(1032,'Alfredo','Martinez','1021 Coolcotts Court','Sunnyvale','7677938'),(1033,'Cyrus','Adams','1022 Castro St.','Mountain View','6859143'),(1034,'Rubin','Rogers','1023 Villa St.','Freemont','6823371'),(1035,'Davis','Collins','1024 Townsend St.','San Francisco','6535189'),(1036,'Percy','Johnson','1025 Townsend St.','Sunnyvale','9265201'),(1037,'Thurman','Stewart','1026 Townsend St.','San Mateo','6897586'),(1038,'Efren','Thomas','1027 California St','Los Gatos','7023160'),(1039,'Trevor','Morris','1028 California St','Freemont','9048812'),(1040,'Reynaldo','Mitchell','1029 California St','Los Altos','8738456'),(1041,'Major','Parker','1030 Coolcotts Court','Mountain View','9716148'),(1042,'Francis','Carter','1031 Townsend St.','Sunnyvale','5818489'),(1043,'Nigel','Carter','1032 Villa St.','San Jose','9301480'),(1044,'Marquis','Lewis','1033 Coolcotts Court','San Mateo','5882699'),(1045,'Jonas','Martinez','1034 Coolcotts Court','Sunnyvale','5609722'),(1046,'Fletcher','Davis','1035 Townsend St.','Campbell','5596242'),(1047,'Anderson','Parker','1036 Townsend St.','Freemont','5809504'),(1048,'Millard','Thompson','1037 California St','Mountain View','8749994'),(1049,'Russell','Sanchez','1038 Villa St.','San Francisco','7074232'),(1050,'Trinidad','Carter','1039 California St','San Jose','6953152'),(1051,'Gavin','Thomas','1040 California St','San Jose','8129388'),(1052,'Doyle','Gonzalez','1041 Townsend St.','San Jose','8667045'),(1053,'Elvis','Lopez','1042 Townsend St.','Campbell','9779318'),(1054,'Willy','Parker','1043 Villa St.','San Francisco','5812838'),(1055,'Pedro','Robinson','1044 Castro St.','San Francisco','6114665'),(1056,'Joseph','Moore','1045 Castro St.','San Jose','5422219'),(1057,'Randolph','Sanchez','1046 California St','Mountain View','6698324'),(1058,'Julian','Martinez','1047 Townsend St.','San Francisco','9810495'),(1059,'Quentin','Young','1048 Castro St.','San Mateo','9130941'),(1060,'Byron','Adams','1049 Townsend St.','Freemont','7580991'),(1061,'Walton','Jones','1050 Coolcotts Court','San Jose','7725691'),(1062,'Jasper','Garcia','1051 Nowhere St','San Jose','8488943'),(1063,'Giuseppe','Williams','1052 Villa St.','Los Altos','8819713'),(1064,'Lonnie','Lopez','1053 California St','Sunnyvale','5556683'),(1065,'Kristofer','Brown','1054 Townsend St.','Los Gatos','7012328'),(1066,'Arthur','Stewart','1055 Coolcotts Court','San Francisco','6074942'),(1067,'Eldridge','Scott','1056 Nowhere St','San Jose','6128134'),(1068,'Lemuel','Carter','1057 Nowhere St','Los Altos','7616112'),(1069,'Sandy','Johnson','1058 California St','Los Altos','7844921'),(1070,'Jules','Lopez','1059 Castro St.','Campbell','7761627'),(1071,'Lawrence','Wilson','1060 Townsend St.','Mountain View','6600140'),(1072,'Isreal','Adams','1061 Townsend St.','San Mateo','7632813'),(1073,'Ashley','Thomas','1062 Townsend St.','San Jose','7460134'),(1074,'Duane','Rodriguez','1063 Townsend St.','San Mateo','7937754'),(1075,'Issac','Young','1064 California St','San Francisco','5344119'),(1076,'Basil','Morris','1065 Castro St.','Los Altos','8953380'),(1077,'Jayson','Parker','1066 Townsend St.','Campbell','5879039'),(1078,'Mauricio','Turner','1067 Villa St.','Freemont','9075503'),(1079,'Pablo','Roberts','1068 Townsend St.','San Jose','5653091'),(1080,'Dewitt','Mitchell','1069 Townsend St.','Mountain View','6644704'),(1081,'Quinton','Williams','1070 Castro St.','Freemont','5317084'),(1082,'Buford','Campbell','1071 Townsend St.','San Jose','8296257'),(1083,'Truman','Morris','1072 California St','Los Gatos','6128734'),(1084,'Kelvin','Walker','1073 California St','San Mateo','9182006'),(1085,'Connie','Jones','1074 Coolcotts Court','Los Gatos','6362476'),(1086,'Eldon','Morris','1075 Coolcotts Court','Los Gatos','6141160'),(1087,'Dwayne','Gonzalez','1076 Castro St.','Sunnyvale','8300387'),(1088,'Marcus','Miller','1077 Villa St.','Mountain View','5539770'),(1089,'Domingo','Adams','1078 California St','Sunnyvale','8664787'),(1090,'Luigi','Rogers','1079 Castro St.','Los Altos','7513753'),(1091,'Solomon','Williams','1080 Nowhere St','San Francisco','6742001'),(1092,'Claudio','Jackson','1081 Townsend St.','Sunnyvale','5516132'),(1093,'Kendrick','Green','1082 Castro St.','Los Gatos','8251625'),(1094,'Arlie','Allen','1083 Coolcotts Court','Freemont','8989035'),(1095,'Sylvester','Walker','1084 Nowhere St','Mountain View','7188025'),(1096,'Carlo','Scott','1085 Nowhere St','Los Gatos','5175145'),(1097,'Kristopher','Edwards','1086 California St','Los Altos','8702928'),(1098,'Daron','Lopez','1087 Coolcotts Court','San Mateo','8610226'),(1099,'Rodrick','Williams','1088 Coolcotts Court','Mountain View','7530724'),(1100,'Dewayne','Baker','1089 Townsend St.','Freemont','9080753'),(1101,'Bradford','Morris','1090 California St','Freemont','9753169'),(1102,'Erwin','Phillips','1091 Castro St.','Sunnyvale','9822854'),(1103,'Jonas','Turner','1092 Townsend St.','Campbell','8394266'),(1104,'Tyron','Anderson','1093 Villa St.','Freemont','6096995'),(1105,'Dario','Parker','1094 Nowhere St','Los Altos','7956157'),(1106,'Rodrick','Phillips','1095 Nowhere St','San Francisco','5313739'),(1107,'Ariel','Jackson','1096 Castro St.','San Jose','9733580'),(1108,'Maximo','Johnson','1097 Castro St.','San Francisco','5579414'),(1109,'Pablo','Clark','1098 California St','Campbell','5455146'),(1110,'Francesco','Walker','1099 California St','Mountain View','9923309'),(1111,'Mario','Garcia','1100 Townsend St.','San Jose','6247814'),(1112,'Kelly','Mitchell','1101 Nowhere St','Campbell','8659615'),(1113,'Donald','Wilson','1102 Townsend St.','Los Gatos','7519455'),(1114,'Johnny','Rodriguez','1103 Villa St.','Campbell','5618579'),(1115,'Perry','Gonzalez','1104 Townsend St.','Los Gatos','6872481'),(1116,'Lazaro','Nelson','1105 Villa St.','Los Gatos','9644104'),(1117,'Bernie','Smith','1106 Townsend St.','San Jose','5593897'),(1118,'Jerrod','Young','1107 Castro St.','San Jose','7780651'),(1119,'Earle','Rodriguez','1108 Castro St.','San Francisco','9866864'),(1120,'Gaylord','Green','1109 California St','Sunnyvale','6264622'),(1121,'Deangelo','Moore','1110 Castro St.','Mountain View','6448696'),(1122,'Raymond','Morris','1111 California St','Los Altos','6104600'),(1123,'Cliff','Adams','1112 Villa St.','Los Altos','6880712'),(1124,'Damian','Thomas','1113 Nowhere St','San Francisco','8615870'),(1125,'Terrence','Brown','1114 Castro St.','Sunnyvale','7077009'),(1126,'Stephan','Thomas','1115 Villa St.','Campbell','6373987'),(1127,'Mickey','Jackson','1116 Townsend St.','San Jose','7088602'),(1128,'Corey','Collins','1117 Nowhere St','Mountain View','5293185'),(1129,'Royce','Perez','1118 Townsend St.','Los Altos','5709075'),(1130,'Thomas','Jones','1119 California St','San Jose','5239268'),(1131,'Robin','Williams','1120 Nowhere St','Campbell','6579396'),(1132,'Esteban','Davis','1121 Villa St.','Mountain View','6266566'),(1133,'Nelson','Baker','1122 Townsend St.','Los Gatos','7658229'),(1134,'Garry','Martinez','1123 Nowhere St','San Mateo','7151896'),(1135,'Roger','Phillips','1124 Townsend St.','San Francisco','6491494'),(1136,'Archie','Phillips','1125 Villa St.','Los Gatos','5767289'),(1137,'Gilberto','Turner','1126 Castro St.','San Jose','8862227'),(1138,'Antoine','Wilson','1127 California St','Sunnyvale','6515724'),(1139,'Enoch','Taylor','1128 Townsend St.','San Jose','5257721'),(1140,'Marlon','Anderson','1129 Castro St.','San Francisco','8026829'),(1141,'Theodore','Johnson','1130 Coolcotts Court','San Francisco','5697805'),(1142,'Oswaldo','Gonzalez','1131 California St','Sunnyvale','6963411'),(1143,'Danny','Rogers','1132 California St','San Jose','5675839'),(1144,'Russell','Perez','1133 Nowhere St','Mountain View','7403315'),(1145,'Fabian','Stewart','1134 Townsend St.','Campbell','8847531'),(1146,'Roman','Miller','1135 California St','Los Gatos','8325794'),(1147,'Lowell','Johnson','1136 Townsend St.','Los Gatos','9409487'),(1148,'Lavern','Harris','1137 Villa St.','Sunnyvale','7681212'),(1149,'Hunter','Allen','1138 Coolcotts Court','San Francisco','9208435'),(1150,'Julio','White','1139 Nowhere St','Mountain View','9869432'),(1151,'Fredrick','Roberts','1140 Townsend St.','Sunnyvale','6009987'),(1152,'Cyrus','Davis','1141 Nowhere St','Campbell','6228456'),(1153,'Dominique','Mitchell','1142 California St','Los Gatos','9717638'),(1154,'Houston','Rogers','1143 Villa St.','Campbell','5974785'),(1155,'Alexis','Sanchez','1144 Townsend St.','Mountain View','6535579'),(1156,'Elias','Phillips','1145 Townsend St.','Sunnyvale','5969467'),(1157,'Michal','Edwards','1146 California St','Sunnyvale','6722036'),(1158,'Lauren','Garcia','1147 Castro St.','Los Gatos','6561561'),(1159,'Quinton','Wright','1148 Castro St.','San Jose','7337231'),(1160,'Jules','Taylor','1149 California St','San Francisco','5004981'),(1161,'Daron','Brown','1150 California St','Freemont','5049913'),(1162,'Loren','Campbell','1151 Nowhere St','Los Gatos','5777310'),(1163,'Stanley','Nelson','1152 Villa St.','Sunnyvale','6891400'),(1164,'Laurence','Stewart','1153 Townsend St.','Freemont','8832647'),(1165,'Connie','Mitchell','1154 Villa St.','Sunnyvale','7317528'),(1166,'Derek','Edwards','1155 Nowhere St','San Jose','6847148'),(1167,'Lamont','Lewis','1156 Villa St.','San Francisco','5327279'),(1168,'Valentine','Perez','1157 California St','San Francisco','8402242'),(1169,'Darrin','Adams','1158 Coolcotts Court','Campbell','6309574'),(1170,'Porter','Young','1159 Townsend St.','Sunnyvale','9683176'),(1171,'Sydney','Johnson','1160 Townsend St.','San Mateo','6890597'),(1172,'Hyman','Evans','1161 Townsend St.','San Francisco','5789178'),(1173,'Austin','Phillips','1162 Townsend St.','Freemont','8895429'),(1174,'Leslie','Wright','1163 Villa St.','San Jose','9438826'),(1175,'Clair','Clark','1164 Nowhere St','Mountain View','9662384'),(1176,'Barney','Johnson','1165 Castro St.','Freemont','8310800'),(1177,'Randy','Anderson','1166 Villa St.','San Jose','8959379'),(1178,'Stuart','Stewart','1167 California St','Freemont','9242785'),(1179,'Theodore','Brown','1168 Castro St.','Freemont','6882632'),(1180,'Winfred','Baker','1169 Castro St.','Campbell','8816545'),(1181,'Henry','Carter','1170 Villa St.','Freemont','9876111'),(1182,'Wilson','Baker','1171 Coolcotts Court','San Francisco','8066316'),(1183,'Dorian','Collins','1172 Castro St.','Mountain View','9039373'),(1184,'Armando','Williams','1173 Castro St.','Los Altos','6332729'),(1185,'Harrison','Evans','1174 Townsend St.','San Mateo','7007730'),(1186,'Barton','Carter','1175 Coolcotts Court','Los Altos','5625524'),(1187,'David','Wilson','1176 Townsend St.','Mountain View','6395899'),(1188,'Hiram','Rodriguez','1177 Villa St.','San Francisco','8255508'),(1189,'Darell','Thomas','1178 Townsend St.','Sunnyvale','9949406'),(1190,'Jefferey','Martinez','1179 Townsend St.','Freemont','9715619'),(1191,'Antonia','Garcia','1180 Coolcotts Court','Los Altos','8825114'),(1192,'Booker','Scott','1181 Coolcotts Court','Mountain View','6384049'),(1193,'Tyler','Garcia','1182 Coolcotts Court','San Jose','5428664'),(1194,'Earnest','Young','1183 Townsend St.','Campbell','5756487'),(1195,'Jules','Martin','1184 Coolcotts Court','San Mateo','6329756'),(1196,'Reuben','Parker','1185 Townsend St.','Freemont','9167329'),(1197,'Wayne','Jones','1186 California St','San Francisco','5169898'),(1198,'Darrel','Williams','1187 California St','San Francisco','6912546'),(1199,'Jacinto','Baker','1188 Castro St.','Los Gatos','5954776'),(1200,'Bobbie','Carter','1189 Castro St.','Los Gatos','6270157'),(1201,'Antony','Rogers','1190 Nowhere St','Campbell','9920600'),(1202,'Jarrod','White','1191 Townsend St.','Los Gatos','8990905'),(1203,'Jonathon','Baker','1192 Townsend St.','Los Gatos','9689814'),(1204,'Nicky','Wright','1193 Coolcotts Court','San Francisco','8893369'),(1205,'Jordan','Thompson','1194 Coolcotts Court','San Jose','7323177'),(1206,'Brandon','Stewart','1195 California St','Sunnyvale','8362918'),(1207,'Jarrod','Garcia','1196 Coolcotts Court','Los Altos','9759545'),(1208,'Vernon','Moore','1197 Nowhere St','Freemont','9465041'),(1209,'Grady','Campbell','1198 Coolcotts Court','San Mateo','5280367'),(1210,'Refugio','Perez','1199 Castro St.','San Mateo','7468088'),(1211,'Adrian','Lopez','1200 Coolcotts Court','Mountain View','9190175'),(1212,'Silas','Morris','1201 Townsend St.','San Francisco','5553974'),(1213,'Tracey','Edwards','1202 Coolcotts Court','Los Altos','7070754'),(1214,'Truman','Martin','1203 Castro St.','Mountain View','7528834'),(1215,'Kraig','Evans','1204 Coolcotts Court','San Francisco','7484892'),(1216,'Dalton','Thomas','1205 California St','San Jose','7279684'),(1217,'Donte','Johnson','1206 California St','Los Gatos','6148805'),(1218,'Douglas','Perez','1207 Castro St.','Los Gatos','9461756'),(1219,'Ruben','Martinez','1208 Villa St.','Los Altos','7433832'),(1220,'Anthony','Wright','1209 Castro St.','San Jose','8795629'),(1221,'Bradly','White','1210 Castro St.','Mountain View','6681333'),(1222,'Broderick','Parker','1211 Townsend St.','San Jose','6144584'),(1223,'Kurtis','Adams','1212 Nowhere St','Mountain View','9875093'),(1224,'Damian','Baker','1213 Townsend St.','Sunnyvale','8387791'),(1225,'Johnathon','Martinez','1214 Coolcotts Court','Los Gatos','6324977'),(1226,'Agustin','Rogers','1215 Townsend St.','Los Gatos','7015637'),(1227,'Tyson','Nelson','1216 Townsend St.','Los Altos','9647870'),(1228,'Thanh','Walker','1217 Nowhere St','Mountain View','5319332'),(1229,'Harlan','Roberts','1218 Villa St.','Los Gatos','8828177'),(1230,'Morton','Clark','1219 Villa St.','San Francisco','7634243'),(1231,'Jeffry','Johnson','1220 Coolcotts Court','Campbell','6337243'),(1232,'Carmelo','Gonzalez','1221 Castro St.','Los Altos','8723055'),(1233,'Austin','Wright','1222 Nowhere St','Mountain View','6943105'),(1234,'Edgar','Davis','1223 Villa St.','San Jose','9062044'),(1235,'Kieth','Hernandez','1224 Castro St.','San Mateo','9001656'),(1236,'Abdul','Mitchell','1225 Castro St.','San Mateo','9113777'),(1237,'Ramon','Morris','1226 Castro St.','Sunnyvale','8214664'),(1238,'Chase','Williams','1227 California St','Los Altos','6186690'),(1239,'Guillermo','Thompson','1228 Castro St.','San Jose','5097164'),(1240,'Genaro','Moore','1229 Villa St.','Mountain View','9814048'),(1241,'Malcolm','Williams','1230 Castro St.','Mountain View','7834297'),(1242,'Jerald','Campbell','1231 Townsend St.','San Jose','6657232'),(1243,'Virgilio','Smith','1232 Townsend St.','Mountain View','8561104'),(1244,'Eugenio','Williams','1233 Coolcotts Court','Sunnyvale','6076730'),(1245,'Lawerence','Garcia','1234 Villa St.','San Jose','5325049'),(1246,'August','Thompson','1235 California St','Sunnyvale','8799887'),(1247,'Danilo','Sanchez','1236 Villa St.','Sunnyvale','6160547'),(1248,'Vaughn','Jones','1237 Coolcotts Court','Los Altos','5989661'),(1249,'Emanuel','Edwards','1238 Townsend St.','Los Gatos','8541652'),(1250,'Nathanial','Wright','1239 California St','Sunnyvale','6137565'),(1251,'Steve','Mitchell','1240 Villa St.','Campbell','5397273'),(1252,'Lindsey','Perez','1241 Coolcotts Court','Campbell','9461730'),(1253,'Javier','Brown','1242 Nowhere St','Campbell','9795422'),(1254,'Cristobal','Phillips','1243 California St','San Mateo','7828437'),(1255,'Rodrigo','Moore','1244 Castro St.','Los Altos','8794952'),(1256,'Dorian','Scott','1245 Castro St.','Los Altos','8895534'),(1257,'Boris','Collins','1246 Castro St.','Mountain View','8086200'),(1258,'Eliseo','Lewis','1247 Coolcotts Court','Sunnyvale','8271439'),(1259,'Damon','Lopez','1248 California St','Sunnyvale','6272984'),(1260,'Norman','White','1249 Villa St.','Mountain View','8709926'),(1261,'Mohammed','Wright','1250 California St','San Mateo','9691157'),(1262,'Danilo','Anderson','1251 Nowhere St','San Francisco','9045576'),(1263,'Genaro','Wilson','1252 Villa St.','San Francisco','6964980'),(1264,'Leonel','Parker','1253 Coolcotts Court','Mountain View','8686900'),(1265,'Eldridge','Allen','1254 Villa St.','Freemont','6667472'),(1266,'Derick','Miller','1255 Nowhere St','Los Gatos','6881867'),(1267,'Fredrick','Morris','1256 California St','San Francisco','9102756'),(1268,'Emerson','Rodriguez','1257 California St','Mountain View','8703929'),(1269,'Erick','Garcia','1258 Nowhere St','San Jose','5924748'),(1270,'Alonzo','Roberts','1259 Villa St.','San Mateo','7257059'),(1271,'Billie','Adams','1260 Castro St.','San Jose','7075291'),(1272,'Francesco','Wilson','1261 Townsend St.','Sunnyvale','5820643'),(1273,'Johnathan','Martinez','1262 Villa St.','San Mateo','5712370'),(1274,'Eliseo','Davis','1263 Nowhere St','San Mateo','6241676'),(1275,'Quincy','Wright','1264 Townsend St.','San Francisco','9743542'),(1276,'Alexander','Roberts','1265 California St','Los Altos','8859472'),(1277,'Monte','Parker','1266 Nowhere St','Mountain View','9169500'),(1278,'Jewel','Gonzalez','1267 Nowhere St','Mountain View','7369482'),(1279,'Alonzo','Moore','1268 Villa St.','Campbell','6131909'),(1280,'Demarcus','Perez','1269 California St','Freemont','7694468'),(1281,'Aubrey','Edwards','1270 Coolcotts Court','Los Altos','9447021'),(1282,'Tristan','Martin','1271 Castro St.','Sunnyvale','5157770'),(1283,'Francis','Anderson','1272 Villa St.','Mountain View','8480318'),(1284,'Jeremiah','Jackson','1273 Castro St.','Freemont','8268053'),(1285,'Claude','Stewart','1274 Castro St.','Sunnyvale','9324578'),(1286,'Hassan','Thompson','1275 Villa St.','San Jose','6344071'),(1287,'Damian','White','1276 Townsend St.','San Jose','6595661'),(1288,'Trinidad','Garcia','1277 Nowhere St','Campbell','5891059'),(1289,'Salvador','Scott','1278 Villa St.','Sunnyvale','8941883'),(1290,'Thaddeus','Sanchez','1279 Coolcotts Court','San Francisco','5810844'),(1291,'Daron','Wilson','1280 Coolcotts Court','Mountain View','7378618'),(1292,'Sherman','Lewis','1281 Townsend St.','Freemont','5025837'),(1293,'Jacinto','Miller','1282 Coolcotts Court','Campbell','7594824'),(1294,'Henry','Robinson','1283 Villa St.','Los Gatos','5476172'),(1295,'Jeffery','Rogers','1284 Villa St.','Los Altos','7364461'),(1296,'Elijah','Walker','1285 California St','San Francisco','8502398'),(1297,'Stephan','Smith','1286 Townsend St.','Sunnyvale','9635876'),(1298,'Arden','Martin','1287 Coolcotts Court','San Jose','7031559'),(1299,'Paris','Williams','1288 Townsend St.','Campbell','8532734'),(1300,'Linwood','Carter','1289 Coolcotts Court','Campbell','9310917'),(1301,'Brady','Collins','1290 California St','Los Gatos','5517948'),(1302,'Heriberto','Smith','1291 Villa St.','Mountain View','8877027'),(1303,'Rolando','Roberts','1292 Nowhere St','Sunnyvale','5686832'),(1304,'Perry','Morris','1293 Villa St.','Campbell','6887077'),(1305,'Tyrone','Stewart','1294 Coolcotts Court','San Jose','8884686'),(1306,'Quincy','Scott','1295 Coolcotts Court','Sunnyvale','9920207'),(1307,'Homer','Lewis','1296 Castro St.','San Mateo','6769034'),(1308,'Lucas','Miller','1297 California St','San Jose','9279403'),(1309,'Danny','Campbell','1298 Townsend St.','Sunnyvale','6806764'),(1310,'Neville','Jones','1299 Nowhere St','Sunnyvale','7029892'),(1311,'Bryce','Rogers','1300 Coolcotts Court','Mountain View','5222116'),(1312,'Austin','Thompson','1301 Castro St.','Los Gatos','6066563'),(1313,'Dallas','Walker','1302 Coolcotts Court','San Mateo','5544766'),(1314,'Morris','Smith','1303 Villa St.','San Mateo','9859962'),(1315,'Edgardo','Johnson','1304 Nowhere St','Campbell','6761734'),(1316,'Jerrell','Morris','1305 California St','Mountain View','7751002'),(1317,'Denver','Scott','1306 Nowhere St','Los Gatos','7727165'),(1318,'Chung','Evans','1307 Villa St.','Los Altos','7649660'),(1319,'Moises','Robinson','1308 Villa St.','Mountain View','9539080'),(1320,'Chuck','Gonzalez','1309 California St','San Jose','7293558'),(1321,'Monty','Brown','1310 Nowhere St','San Mateo','7309700'),(1322,'Ernie','Roberts','1311 Castro St.','Sunnyvale','6553916'),(1323,'Heriberto','Rogers','1312 Coolcotts Court','Freemont','7141252'),(1324,'Granville','Collins','1313 California St','San Francisco','8858866'),(1325,'Kendrick','Allen','1314 Villa St.','Mountain View','8700006'),(1326,'Melvin','Morris','1315 Coolcotts Court','Los Altos','9316458'),(1327,'Terence','Martin','1316 Villa St.','Los Gatos','7566795'),(1328,'Eduardo','Thompson','1317 California St','Los Altos','6976524'),(1329,'Thomas','Wright','1318 Coolcotts Court','San Francisco','6950758'),(1330,'Odell','Gonzalez','1319 Villa St.','San Mateo','8687094'),(1331,'Zachariah','Brown','1320 Castro St.','Freemont','9939741'),(1332,'Donte','Smith','1321 Nowhere St','Sunnyvale','9007854'),(1333,'Quincy','Walker','1322 Castro St.','Sunnyvale','7683356'),(1334,'Joaquin','Stewart','1323 Villa St.','San Mateo','5146247'),(1335,'Wilmer','Smith','1324 Villa St.','Campbell','6792349'),(1336,'Bernie','Johnson','1325 Nowhere St','San Mateo','5468783'),(1337,'Clayton','Scott','1326 Nowhere St','Mountain View','9391265'),(1338,'Tyree','Adams','1327 Nowhere St','San Francisco','8543816'),(1339,'Emmanuel','Collins','1328 Nowhere St','Los Gatos','9971391'),(1340,'Peter','Lewis','1329 Nowhere St','Los Altos','8410032'),(1341,'Johnathon','Miller','1330 California St','Freemont','8583123'),(1342,'Rudolf','Robinson','1331 Townsend St.','Campbell','6593285'),(1343,'Keenan','Young','1332 Castro St.','San Francisco','6431475'),(1344,'Andrea','Roberts','1333 Castro St.','San Francisco','8543869'),(1345,'Jules','Williams','1334 Nowhere St','Campbell','7327877'),(1346,'Cornell','Taylor','1335 California St','Campbell','6000093'),(1347,'Modesto','Scott','1336 Castro St.','Campbell','8920720'),(1348,'Lionel','Martin','1337 Coolcotts Court','Freemont','5148021'),(1349,'Nicholas','Roberts','1338 Villa St.','Campbell','7166441'),(1350,'Marquis','Sanchez','1339 California St','Sunnyvale','7534838'),(1351,'Wilbert','Green','1340 California St','San Jose','9444892'),(1352,'Truman','Sanchez','1341 Castro St.','Freemont','7154158'),(1353,'Hipolito','Evans','1342 Nowhere St','Sunnyvale','5517608'),(1354,'Johnie','Johnson','1343 Villa St.','Los Gatos','8166817'),(1355,'Johnathan','Parker','1344 Townsend St.','San Francisco','7073708'),(1356,'Casey','Turner','1345 Coolcotts Court','San Francisco','9003876'),(1357,'Douglas','Parker','1346 Coolcotts Court','Los Gatos','9235915'),(1358,'Gayle','Miller','1347 Castro St.','San Mateo','5234186'),(1359,'Willard','Davis','1348 Villa St.','Los Altos','9482901'),(1360,'Chance','Sanchez','1349 Villa St.','Los Altos','9604157'),(1361,'Jermaine','Stewart','1350 Nowhere St','San Mateo','7825761'),(1362,'Octavio','Parker','1351 Nowhere St','San Jose','9899196'),(1363,'Jerry','Collins','1352 Nowhere St','San Jose','5499972'),(1364,'Cecil','Campbell','1353 Townsend St.','San Jose','5359192'),(1365,'Donny','Morris','1354 Villa St.','San Francisco','8455049'),(1366,'Lenard','Hernandez','1355 California St','Campbell','8262610'),(1367,'Angel','Baker','1356 Townsend St.','San Mateo','9192296'),(1368,'Ronnie','Smith','1357 Coolcotts Court','San Jose','7085090'),(1369,'Grover','Miller','1358 California St','Los Gatos','5052598'),(1370,'Franklin','Lopez','1359 Castro St.','San Francisco','8238853'),(1371,'Harvey','Carter','1360 Castro St.','San Jose','8344288'),(1372,'Alejandro','Turner','1361 Coolcotts Court','Los Gatos','9876888'),(1373,'Joesph','Johnson','1362 California St','Sunnyvale','9851228'),(1374,'Julio','Phillips','1363 Townsend St.','San Francisco','6168838'),(1375,'Randal','Thomas','1364 Coolcotts Court','Los Gatos','7254707'),(1376,'Randall','Wilson','1365 Nowhere St','Campbell','9031252'),(1377,'Franklin','Scott','1366 California St','Mountain View','9805404'),(1378,'Mohammed','Lewis','1367 California St','Los Altos','5403991'),(1379,'Jeremiah','Collins','1368 Townsend St.','Freemont','7533288'),(1380,'Alonso','White','1369 Nowhere St','Los Gatos','6991160'),(1381,'Orlando','Lewis','1370 Villa St.','Freemont','8595078'),(1382,'Delbert','Smith','1371 Townsend St.','Campbell','9956094'),(1383,'Coleman','Roberts','1372 Townsend St.','Mountain View','5301394'),(1384,'Jarvis','Anderson','1373 Castro St.','Mountain View','5837439'),(1385,'Billy','Miller','1374 Nowhere St','San Jose','9790880'),(1386,'Calvin','Wilson','1375 Villa St.','San Jose','6261870'),(1387,'Emile','Miller','1376 Nowhere St','Sunnyvale','7567910'),(1388,'Marquis','Parker','1377 Villa St.','Mountain View','9952415'),(1389,'Chauncey','Johnson','1378 Nowhere St','Sunnyvale','9206638'),(1390,'Brandon','Davis','1379 Villa St.','Los Gatos','6200090'),(1391,'Trinidad','Moore','1380 Villa St.','Mountain View','7930281'),(1392,'Lionel','White','1381 Castro St.','San Francisco','9974578'),(1393,'German','Johnson','1382 California St','Mountain View','6077662'),(1394,'Roberto','Mitchell','1383 Coolcotts Court','Los Gatos','5306303'),(1395,'Elroy','Carter','1384 California St','San Francisco','9039966'),(1396,'Morgan','Stewart','1385 Coolcotts Court','San Mateo','8492825'),(1397,'Moises','Martinez','1386 Castro St.','Freemont','6551925'),(1398,'Monroe','Walker','1387 Castro St.','Mountain View','5922487'),(1399,'Nathanael','Taylor','1388 Coolcotts Court','Los Altos','7985929'),(1400,'Dennis','Walker','1389 Nowhere St','Los Altos','7923912'),(1401,'Miguel','Perez','1390 Townsend St.','Freemont','8888551'),(1402,'Spencer','White','1391 Townsend St.','Mountain View','8098763'),(1403,'Perry','Morris','1392 California St','San Francisco','9789446'),(1404,'Andrew','Anderson','1393 Castro St.','Sunnyvale','9909961'),(1405,'Eugenio','Clark','1394 Coolcotts Court','San Francisco','5456773'),(1406,'Wilfredo','Thompson','1395 Villa St.','Sunnyvale','8626875'),(1407,'Hilton','Parker','1396 California St','San Jose','8412360'),(1408,'Rueben','Adams','1397 Villa St.','Campbell','8349127'),(1409,'Agustin','Lewis','1398 Coolcotts Court','Mountain View','6530967'),(1410,'Lamar','Carter','1399 Townsend St.','Los Gatos','5412527'),(1411,'Lemuel','Smith','1400 California St','San Jose','9052120'),(1412,'Louis','Davis','1401 Villa St.','Los Gatos','6357797'),(1413,'Darryl','Nelson','1402 Villa St.','San Mateo','8323027'),(1414,'Sammie','Baker','1403 Castro St.','San Jose','6396770'),(1415,'Kendrick','Moore','1404 Townsend St.','Freemont','5644817'),(1416,'Basil','Williams','1405 California St','Freemont','9812079'),(1417,'Buddy','Baker','1406 Castro St.','Los Altos','6864385'),(1418,'Kristofer','Sanchez','1407 Nowhere St','Sunnyvale','6684693'),(1419,'Grant','Martinez','1408 Townsend St.','Mountain View','6166991'),(1420,'Buford','Collins','1409 Castro St.','Campbell','6954285'),(1421,'Ahmed','Lopez','1410 California St','San Mateo','5908987'),(1422,'Chance','Williams','1411 Castro St.','Los Altos','9470901'),(1423,'Landon','Robinson','1412 Townsend St.','San Jose','9488802'),(1424,'Scottie','Thomas','1413 Coolcotts Court','Sunnyvale','9059410'),(1425,'Tyrell','Lopez','1414 Townsend St.','San Francisco','8153243'),(1426,'Dylan','Parker','1415 Townsend St.','San Francisco','5395519'),(1427,'Lorenzo','Garcia','1416 Nowhere St','Freemont','6665440'),(1428,'Maynard','Adams','1417 Nowhere St','San Jose','6004980'),(1429,'Russell','Garcia','1418 California St','San Mateo','9339385'),(1430,'Francisco','Johnson','1419 Townsend St.','Campbell','9787049'),(1431,'Bruno','Thompson','1420 Nowhere St','Campbell','5054896'),(1432,'Zackary','Miller','1421 Castro St.','Sunnyvale','8513522'),(1433,'Aaron','Adams','1422 Villa St.','Los Gatos','5788113'),(1434,'Millard','Nelson','1423 Townsend St.','Los Altos','8983844'),(1435,'Titus','Davis','1424 California St','San Francisco','8674149'),(1436,'Christian','Thompson','1425 Villa St.','San Jose','9809944'),(1437,'Edison','Edwards','1426 Townsend St.','Los Gatos','5492243'),(1438,'Nelson','Collins','1427 Villa St.','San Francisco','9904728'),(1439,'Refugio','White','1428 Castro St.','San Mateo','6803379'),(1440,'Ralph','Parker','1429 Castro St.','Freemont','7855523'),(1441,'Tommie','Clark','1430 Townsend St.','Los Altos','6207737'),(1442,'Emmitt','Green','1431 California St','Freemont','8132904'),(1443,'Carlton','Campbell','1432 California St','San Mateo','6813427'),(1444,'Harris','Evans','1433 California St','Los Altos','5364375'),(1445,'Isreal','Carter','1434 Nowhere St','Freemont','9253060'),(1446,'Hollis','Evans','1435 California St','Los Altos','6668873'),(1447,'Louie','Rogers','1436 California St','Los Altos','5311136'),(1448,'Douglas','Young','1437 California St','Sunnyvale','9775924'),(1449,'Stephen','Rogers','1438 Coolcotts Court','San Francisco','9867620'),(1450,'Louis','Campbell','1439 California St','San Mateo','9560894'),(1451,'Marty','Clark','1440 Villa St.','Los Gatos','9636931'),(1452,'Ernesto','Rogers','1441 Nowhere St','Mountain View','9264646'),(1453,'Mickey','Clark','1442 Coolcotts Court','Sunnyvale','5886494'),(1454,'Clement','Carter','1443 Castro St.','Freemont','5265896'),(1455,'Deangelo','White','1444 Townsend St.','Sunnyvale','7745237'),(1456,'Jacinto','Allen','1445 California St','San Mateo','7312522'),(1457,'Eliseo','Scott','1446 California St','Sunnyvale','8917109'),(1458,'Scott','Hernandez','1447 Coolcotts Court','Freemont','5065811'),(1459,'Truman','Campbell','1448 Castro St.','Los Altos','6854520'),(1460,'Carrol','Baker','1449 California St','Freemont','5957002'),(1461,'Antony','Perez','1450 Nowhere St','San Francisco','7946325'),(1462,'Jefferey','Young','1451 Castro St.','San Mateo','5800590'),(1463,'Elton','Wilson','1452 California St','Los Gatos','8560793'),(1464,'Renato','Jackson','1453 Castro St.','Freemont','7076364'),(1465,'Benedict','Martin','1454 Townsend St.','Sunnyvale','8133072'),(1466,'Bobby','Robinson','1455 Coolcotts Court','San Francisco','5669831'),(1467,'Mickey','Perez','1456 Castro St.','Campbell','7733581'),(1468,'Jerome','White','1457 Castro St.','San Francisco','8466349'),(1469,'Barrett','Perez','1458 Coolcotts Court','San Jose','7222390'),(1470,'Kieth','Perez','1459 Villa St.','Campbell','6646156'),(1471,'Preston','Gonzalez','1460 Villa St.','Campbell','8353179'),(1472,'Roderick','Martin','1461 Coolcotts Court','Los Altos','7348235'),(1473,'Norman','Moore','1462 Townsend St.','Campbell','9632859'),(1474,'Florencio','Anderson','1463 Nowhere St','Mountain View','6020495'),(1475,'Malik','Wright','1464 Castro St.','San Jose','7788969'),(1476,'Vernon','White','1465 Nowhere St','Freemont','5523702'),(1477,'Willie','Phillips','1466 California St','San Jose','7087296'),(1478,'Harley','Sanchez','1467 Castro St.','San Francisco','7567603'),(1479,'Filiberto','Collins','1468 Nowhere St','Campbell','9055981'),(1480,'Lenard','Collins','1469 Coolcotts Court','San Jose','5172531'),(1481,'Cameron','Martinez','1470 California St','Mountain View','5882662'),(1482,'Ezekiel','Sanchez','1471 Coolcotts Court','Campbell','9319309'),(1483,'Ivory','Stewart','1472 Coolcotts Court','Mountain View','8093540'),(1484,'Benedict','Morris','1473 California St','Los Gatos','5514494'),(1485,'Gaylord','Lewis','1474 Castro St.','Los Altos','8969682'),(1486,'Garrett','Wright','1475 Villa St.','Los Gatos','6594676'),(1487,'Courtney','Adams','1476 California St','San Mateo','6429019'),(1488,'Angelo','Parker','1477 Coolcotts Court','Los Altos','7720179'),(1489,'Wyatt','Thompson','1478 Villa St.','Freemont','8150446'),(1490,'Marco','Adams','1479 Coolcotts Court','San Francisco','7652671'),(1491,'Jeffry','Campbell','1480 Nowhere St','San Francisco','7166344'),(1492,'Melvin','Scott','1481 California St','Los Gatos','5142986'),(1493,'Josue','Evans','1482 Villa St.','Freemont','6267243'),(1494,'Steven','Nelson','1483 Coolcotts Court','Los Gatos','8479164'),(1495,'Johnny','Rodriguez','1484 California St','Campbell','7112259'),(1496,'Demarcus','Scott','1485 Villa St.','Freemont','8791948'),(1497,'Scott','Miller','1486 Coolcotts Court','Mountain View','9697342'),(1498,'Jospeh','Turner','1487 Nowhere St','Mountain View','8337763'),(1499,'Bobby','Lewis','1488 Townsend St.','San Jose','8635510'),(1500,'Darell','Williams','1489 Townsend St.','Mountain View','7374766'),(1501,'Trenton','Robinson','1490 California St','Sunnyvale','5502748'),(1502,'Jonathan','Clark','1491 Townsend St.','Mountain View','9155704'),(1503,'Jacinto','Nelson','1492 California St','San Francisco','5618229'),(1504,'Edmond','Parker','1493 Coolcotts Court','Los Altos','8233853'),(1505,'Jamal','Scott','1494 Castro St.','San Francisco','5391218'),(1506,'Moshe','Edwards','1495 Nowhere St','San Mateo','5308453'),(1507,'Coleman','Evans','1496 Villa St.','San Francisco','5340876'),(1508,'Nicholas','Anderson','1497 Townsend St.','Los Altos','8135662'),(1509,'Melvin','Turner','1498 Villa St.','Campbell','8706953'),(1510,'Vaughn','Martin','1499 Villa St.','San Mateo','5017851'),(1511,'Mike','Smith','1234 Plato St.','Dublin','5401234'),(1512,'Franklin D','Roosevelt','124 Nowhere lane','BuggerTown','3335551212');
/*!40000 ALTER TABLE `owners` ENABLE KEYS */;
UNLOCK TABLES;

--
-- Table structure for table `pets`
--

DROP TABLE IF EXISTS `pets`;
/*!40101 SET @saved_cs_client     = @@character_set_client */;
/*!40101 SET character_set_client = utf8 */;
CREATE TABLE `pets` (
  `id` int(4) unsigned NOT NULL AUTO_INCREMENT,
  `name` varchar(30) DEFAULT NULL,
  `birth_date` date DEFAULT NULL,
  `type_id` int(4) unsigned NOT NULL,
  `owner_id` int(4) unsigned NOT NULL,
  PRIMARY KEY (`id`),
  KEY `name` (`name`),
  KEY `fk_pets_owners` (`owner_id`),
  KEY `fk_pets_types` (`type_id`),
  KEY `pets_name` (`name`),
  CONSTRAINT `fk_pets_owners` FOREIGN KEY (`owner_id`) REFERENCES `owners` (`id`),
  CONSTRAINT `fk_pets_types` FOREIGN KEY (`type_id`) REFERENCES `types` (`id`)
) ENGINE=InnoDB AUTO_INCREMENT=417 DEFAULT CHARSET=latin1;
/*!40101 SET character_set_client = @saved_cs_client */;

--
-- Dumping data for table `pets`
--

LOCK TABLES `pets` WRITE;
/*!40000 ALTER TABLE `pets` DISABLE KEYS */;
INSERT INTO `pets` VALUES (1,'Leo','2000-09-07',1,1),(2,'Basil','2002-08-06',6,2),(3,'Rosy','2001-04-17',2,3),(4,'Jewel','2000-03-07',2,3),(5,'Iggy','2000-11-30',3,4),(6,'George','2000-01-20',4,5),(7,'Samantha','1995-09-04',1,6),(8,'Max','1995-09-04',1,6),(9,'Lucky','1999-08-06',5,7),(10,'Mulligan','1997-02-24',2,8),(11,'Freddy','2000-03-09',5,9),(12,'Lucky','2000-06-24',2,10),(13,'Sly','2002-06-08',1,10),(14,'Maggie','2004-03-26',13,1499),(15,'Smokey','2002-02-10',15,220),(16,'Buddy','2003-09-12',4,368),(17,'Midnight','2001-12-03',9,1059),(18,'Misty','2003-08-12',8,1089),(19,'Whiskers','2005-03-28',2,306),(20,'Smokey','2007-03-01',15,1445),(21,'Samantha','2009-08-21',13,957),(22,'Taz','2002-03-24',7,1244),(23,'Tigger','2005-03-22',3,1122),(24,'Buster','2009-04-06',9,335),(25,'Daisy','2007-06-05',3,1171),(26,'Maggie','2008-03-29',8,1162),(27,'Pepper','2007-09-21',14,928),(28,'Sassy','2005-11-02',14,938),(29,'Kitty','2007-01-18',2,826),(30,'Precious','2002-05-20',13,179),(31,'Buddy','2008-05-07',9,1005),(32,'Abby','2007-10-20',6,299),(33,'Rusty','2009-05-29',1,984),(34,'Cody','2007-04-09',3,764),(35,'Oliver','2003-11-30',4,1269),(36,'Bear','2002-10-21',12,1102),(37,'Bandit','2004-01-24',11,1411),(38,'Casey','2008-01-03',1,919),(39,'Oliver','2009-01-20',6,738),(40,'Duke','2009-08-09',13,230),(41,'Princess','2003-01-26',15,688),(42,'Cody','2008-04-16',6,1328),(43,'Smokey','2009-04-05',8,204),(44,'Sam','2008-09-30',4,840),(45,'Buddy','2008-06-04',9,469),(46,'Midnight','2006-11-04',6,907),(47,'Oliver','2002-07-14',7,686),(48,'Maggie','2007-01-31',10,536),(49,'Duke','2002-08-01',12,1210),(50,'Dakota','2005-02-13',10,169),(51,'Abby','2004-04-06',1,1328),(52,'Lucy','2009-03-22',15,845),(53,'Ginger','2007-03-23',14,832),(54,'Sam','2006-09-08',14,407),(55,'Jack','2002-07-19',13,1046),(56,'Murphy','2007-11-03',1,1206),(57,'Sasha','2006-04-04',7,846),(58,'Oliver','2008-08-03',5,47),(59,'Sammy','2006-11-12',2,120),(60,'Duke','2005-07-01',7,80),(61,'Harley','2004-04-14',9,203),(62,'Annie','2002-07-26',8,539),(63,'Princess','2005-05-09',4,1309),(64,'Rusty','2008-01-20',15,120),(65,'Fluffy','2008-07-01',6,308),(66,'Shadow','2009-06-20',12,414),(67,'Taz','2008-06-15',13,989),(68,'Gizmo','2002-06-10',12,1363),(69,'Sandy','2005-03-26',9,296),(70,'Princess','2007-05-14',7,856),(71,'Sammy','2009-02-18',15,554),(72,'Cody','2002-11-12',12,260),(73,'Tiger','2003-12-29',11,774),(74,'Sam','2002-07-10',2,517),(75,'Rusty','2009-03-13',9,1356),(76,'Harley','2003-12-23',9,674),(77,'Samantha','2009-09-30',9,504),(78,'Midnight','2007-04-09',5,162),(79,'Sammy','2004-07-06',8,638),(80,'Tiger','2003-08-23',3,1462),(81,'Bailey','2005-03-11',14,7),(82,'Bandit','2005-02-18',12,733),(83,'Samantha','2006-09-12',8,412),(84,'Murphy','2008-10-24',6,1136),(85,'Buster','2003-05-19',6,93),(86,'Sandy','2006-10-26',3,238),(87,'Casey','2006-12-30',15,159),(88,'Sassy','2005-03-09',15,1088),(89,'Tigger','2005-11-30',9,841),(90,'Missy','2007-12-04',3,92),(91,'Maggie','2008-11-26',13,1432),(92,'Lady','2008-08-19',7,1101),(93,'Taz','2006-11-26',5,1393),(94,'Tiger','2004-10-29',6,389),(95,'Harley','2005-01-20',14,686),(96,'Annie','2005-06-29',13,457),(97,'Sammy','2004-09-07',3,807),(98,'Harley','2006-04-11',7,1437),(99,'Taz','2007-05-26',11,1075),(100,'Oscar','2003-03-22',13,130),(101,'Casey','2008-04-01',15,741),(102,'Rocky','2002-04-06',6,827),(103,'Buster','2002-08-01',12,807),(104,'Sophie','2005-06-17',12,736),(105,'Casey','2005-10-23',5,416),(106,'Sandy','2003-10-06',6,795),(107,'Molly','2007-01-10',5,278),(108,'Fluffy','2006-07-22',13,1289),(109,'Patch','2003-11-20',1,1119),(110,'Maggie','2004-10-25',6,899),(111,'Daisy','2008-01-02',11,783),(112,'Oliver','2003-04-24',14,819),(113,'Samantha','2002-10-23',11,863),(114,'Max','2001-12-24',6,1310),(115,'Taz','2007-01-04',11,1499),(116,'Oliver','2002-08-29',4,1186),(117,'Daisy','2005-10-05',4,640),(118,'Shadow','2003-07-26',15,1237),(119,'Tiger','2008-11-25',4,552),(120,'Maggie','2003-06-12',11,145),(121,'Lady','2002-08-12',15,730),(122,'Daisy','2006-12-16',11,771),(123,'Fluffy','2004-09-25',4,1323),(124,'Misty','2005-05-30',8,917),(125,'Dakota','2004-06-06',9,1245),(126,'Gizmo','2004-11-20',8,1318),(127,'Rocky','2004-06-04',13,1375),(128,'Katie','2002-05-04',7,1043),(129,'Molly','2006-11-27',13,521),(130,'Bailey','2006-02-03',9,521),(131,'Sadie','2003-09-19',5,1196),(132,'Daisy','2007-07-13',9,1271),(133,'Bailey','2002-04-19',10,1040),(134,'Buster','2009-07-12',9,889),(135,'Buster','2009-01-22',12,1139),(136,'Casey','2009-09-19',4,734),(137,'Spike','2005-05-29',8,163),(138,'Bailey','2004-06-03',4,301),(139,'Charlie','2002-04-15',14,1330),(140,'Jack','2006-06-23',10,1385),(141,'Gizmo','2007-04-14',6,50),(142,'Maggie','2005-02-10',4,111),(143,'Patch','2008-05-12',7,522),(144,'Samantha','2002-02-03',2,731),(145,'Katie','2008-11-23',5,1078),(146,'Jack','2009-05-06',5,1221),(147,'Sadie','2003-08-19',15,208),(148,'Missy','2004-07-02',2,704),(149,'Whiskers','2008-03-18',15,938),(150,'Sandy','2007-01-17',15,944),(151,'Toby','2004-06-17',13,167),(152,'Missy','2001-12-24',15,662),(153,'Buddy','2005-12-10',13,1257),(154,'Spike','2007-04-17',2,1298),(155,'Dakota','2004-12-11',9,283),(156,'Boots','2007-10-11',10,261),(157,'Oliver','2008-08-05',10,38),(158,'Jake','2006-11-11',3,421),(159,'Max','2005-07-02',9,1059),(160,'Misty','2007-06-12',2,1043),(161,'Pepper','2009-09-08',2,1410),(162,'Toby','2005-10-25',8,1289),(163,'Daisy','2002-06-09',15,719),(164,'Casey','2007-03-23',5,983),(165,'Lucky','2005-05-30',8,229),(166,'Bailey','2002-12-28',6,1256),(167,'Sadie','2008-06-19',13,709),(168,'Midnight','2002-09-13',1,488),(169,'Fluffy','2007-07-30',10,387),(170,'Lucy','2001-12-11',11,267),(171,'Spike','2006-12-23',2,976),(172,'Midnight','2004-04-23',12,1072),(173,'Oliver','2004-12-06',4,936),(174,'Whiskers','2009-05-29',12,1135),(175,'Precious','2004-06-08',8,1485),(176,'Buster','2003-05-23',11,389),(177,'Sasha','2003-02-11',4,1241),(178,'Brandy','2001-11-30',3,103),(179,'Brandy','2002-12-09',11,440),(180,'Casey','2005-11-21',14,1317),(181,'Samantha','2005-08-31',3,883),(182,'Smokey','2007-09-21',1,335),(183,'Shadow','2001-10-09',12,1031),(184,'Katie','2004-12-22',9,335),(185,'Precious','2002-03-29',9,1477),(186,'Sadie','2007-02-15',9,134),(187,'Charlie','2003-03-31',6,605),(188,'Princess','2005-11-20',13,711),(189,'Jake','2002-10-12',4,680),(190,'Harley','2008-09-01',14,1018),(191,'Taz','2006-08-04',8,1370),(192,'Harley','2006-04-29',6,505),(193,'Molly','2004-05-31',2,1290),(194,'Misty','2009-01-14',3,472),(195,'Tiger','2003-01-04',11,500),(196,'Sadie','2005-09-11',15,303),(197,'Sophie','2006-03-20',15,1409),(198,'Sassy','2002-06-05',1,421),(199,'Lucky','2002-08-14',12,884),(200,'Midnight','2005-12-03',3,1429),(201,'Daisy','2005-02-06',11,877),(202,'Sam','2007-07-08',13,1066),(203,'Dakota','2001-10-14',10,578),(204,'Oreo','2006-08-11',14,267),(205,'Bear','2007-04-07',1,1448),(206,'Taz','2006-10-21',10,1175),(207,'Abby','2004-12-26',15,985),(208,'Rusty','2004-11-16',1,306),(209,'Molly','2007-05-04',1,413),(210,'Max','2004-07-20',4,1139),(211,'Tigger','2008-09-12',5,818),(212,'Jack','2008-07-27',6,77),(213,'Boots','2006-12-07',7,1173),(214,'Casey','2008-02-14',3,173),(215,'Patch','2009-06-30',15,962),(216,'Smokey','2009-07-11',13,235),(217,'Annie','2007-09-22',13,966),(218,'Samantha','2005-10-06',2,1250),(219,'Fluffy','2006-01-16',15,231),(220,'Sam','2007-10-24',7,224),(221,'Lucky','2002-12-12',3,1487),(222,'Sandy','2004-04-06',4,247),(223,'Baby','2008-03-05',14,1477),(224,'Oliver','2004-08-22',2,1486),(225,'Smokey','2008-09-01',13,1309),(226,'Buster','2004-12-09',14,29),(227,'Bailey','2001-10-17',5,1493),(228,'Jack','2003-01-13',15,99),(229,'Boots','2006-04-14',9,127),(230,'Sassy','2007-07-12',12,245),(231,'Sassy','2008-12-04',7,646),(232,'Lucky','2007-11-10',12,881),(233,'Buddy','2009-08-22',9,35),(234,'Buddy','2008-07-29',12,577),(235,'Jack','2009-08-05',9,90),(236,'Boots','2003-01-08',9,1334),(237,'Oscar','2006-06-10',2,1307),(238,'Dakota','2007-09-10',3,983),(239,'Tiger','2007-06-23',6,1076),(240,'Maggie','2002-01-21',2,764),(241,'Cody','2008-04-28',14,1459),(242,'Sassy','2008-05-14',6,948),(243,'Tigger','2007-12-06',9,1202),(244,'Katie','2007-06-14',1,25),(245,'Daisy','2002-08-22',13,622),(246,'Smokey','2004-09-14',4,115),(247,'Buddy','2006-12-16',9,516),(248,'Cody','2005-04-12',13,369),(249,'Sammy','2004-03-05',1,297),(250,'Jake','2006-06-26',1,277),(251,'Buster','2005-10-06',10,1005),(252,'Misty','2004-06-17',8,536),(253,'Duke','2007-04-10',5,813),(254,'Tiger','2004-06-16',13,955),(255,'Baby','2003-10-07',2,948),(256,'Cody','2008-08-19',1,754),(257,'Smokey','2007-05-06',14,1348),(258,'Princess','2007-03-15',13,283),(259,'Bailey','2007-02-16',6,1297),(260,'Shadow','2009-03-10',12,1454),(261,'Jack','2009-03-27',5,629),(262,'Jack','2006-07-27',10,669),(263,'Simba','2002-08-24',7,813),(264,'Taz','2005-09-22',6,847),(265,'Whiskers','2008-01-03',7,413),(266,'Buddy','2008-05-08',6,195),(267,'Molly','2009-02-04',6,198),(268,'Oreo','2004-09-08',10,909),(269,'Abby','2008-11-08',9,1318),(270,'Casey','2002-09-13',5,502),(271,'Missy','2007-03-30',3,1121),(272,'Harley','2004-07-20',4,211),(273,'Sandy','2009-03-10',8,1483),(274,'Taz','2007-06-19',10,390),(275,'Fluffy','2003-12-24',5,173),(276,'Taz','2005-08-21',5,897),(277,'Sam','2002-08-14',1,1149),(278,'Shadow','2007-07-27',5,257),(279,'Samantha','2003-06-25',12,1142),(280,'Pepper','2008-07-12',9,705),(281,'Gizmo','2002-04-22',7,736),(282,'Daisy','2003-09-26',7,743),(283,'Cody','2005-02-25',15,510),(284,'Toby','2008-07-13',14,73),(285,'Smokey','2003-09-04',2,554),(286,'Rocky','2005-04-08',6,496),(287,'Whiskers','2005-07-28',7,766),(288,'Kitty','2002-12-20',14,733),(289,'Fluffy','2006-08-05',2,207),(290,'Lucky','2005-11-06',2,303),(291,'Pepper','2006-10-20',11,1053),(292,'Oscar','2005-08-28',13,677),(293,'Spike','2002-07-12',3,909),(294,'Rusty','2003-03-15',3,1220),(295,'Smokey','2008-08-25',13,13),(296,'Harley','2002-01-29',6,430),(297,'Lady','2004-11-15',4,1433),(298,'Smokey','2004-07-15',11,1468),(299,'Missy','2002-04-01',7,805),(300,'Precious','2007-04-11',14,115),(301,'Tigger','2004-06-19',14,383),(302,'Whiskers','2006-02-06',8,817),(303,'Smokey','2008-12-29',1,613),(304,'Boots','2003-10-02',8,580),(305,'Sam','2003-01-01',1,1077),(306,'Boots','2008-07-27',3,813),(307,'Toby','2005-01-11',4,1284),(308,'Toby','2006-01-21',4,1450),(309,'Smokey','2005-08-21',9,277),(310,'Sandy','2005-05-05',15,657),(311,'Duke','2003-12-09',2,864),(312,'Midnight','2005-02-15',1,934),(313,'Whiskers','2003-03-19',4,819),(314,'Samantha','2003-01-31',11,1036),(315,'Kitty','2004-01-14',13,1095),(316,'Katie','2006-09-26',3,760),(317,'Abby','2007-03-20',1,28),(318,'Cody','2009-01-21',3,488),(319,'Sophie','2006-12-11',13,18),(320,'Toby','2004-11-11',12,461),(321,'Harley','2006-01-14',12,224),(322,'Abby','2007-09-27',13,894),(323,'Tigger','2006-12-19',5,1295),(324,'Sandy','2008-11-08',12,596),(325,'Rocky','2008-01-21',8,370),(326,'Bandit','2005-11-10',14,286),(327,'Patch','2006-08-15',13,1467),(328,'Brandy','2004-09-25',12,671),(329,'Oliver','2009-09-23',11,1464),(330,'Tiger','2006-06-21',2,179),(331,'Fluffy','2001-12-05',4,335),(332,'Precious','2008-04-13',2,877),(333,'Sandy','2003-10-16',14,788),(334,'Annie','2003-02-10',15,682),(335,'Gizmo','2009-04-20',8,1254),(336,'Ginger','2005-04-14',12,549),(337,'Sassy','2002-11-08',15,575),(338,'Oreo','2004-05-06',9,268),(339,'Precious','2004-10-18',6,273),(340,'Sassy','2004-10-09',5,432),(341,'Missy','2004-03-14',3,1492),(342,'Sandy','2009-09-29',12,358),(343,'Spike','2004-02-06',13,1458),(344,'Jake','2002-10-13',12,2),(345,'Taz','2004-12-13',15,399),(346,'Molly','2009-08-08',12,1157),(347,'Tiger','2006-08-25',6,113),(348,'Maggie','2002-12-10',10,326),(349,'Molly','2007-03-27',4,114),(350,'Misty','2006-06-22',11,1124),(351,'Simba','2005-12-26',13,992),(352,'Samantha','2006-10-08',1,318),(353,'Abby','2007-12-16',9,1244),(354,'Casey','2004-10-08',11,741),(355,'Sasha','2003-06-06',12,314),(356,'Sophie','2005-04-12',10,419),(357,'Baby','2002-06-05',8,130),(358,'Annie','2006-12-20',7,1112),(359,'Rocky','2008-08-05',10,1239),(360,'Boots','2005-06-14',15,1334),(361,'Sandy','2003-10-22',15,364),(362,'Dakota','2005-04-22',4,955),(363,'Molly','2002-04-10',1,1215),(364,'Oscar','2007-11-23',8,1115),(365,'Daisy','2003-12-20',6,1416),(366,'Midnight','2002-09-27',10,528),(367,'Pepper','2006-06-06',1,410),(368,'Gizmo','2009-01-08',14,130),(369,'Boots','2008-11-25',14,223),(370,'Sam','2009-01-05',13,1392),(371,'Patch','2009-09-17',15,1413),(372,'Princess','2007-04-11',11,17),(373,'Lucky','2005-03-25',4,1423),(374,'Rocky','2008-10-27',8,1201),(375,'Charlie','2006-08-29',11,1006),(376,'Toby','2006-10-05',2,1452),(377,'Toby','2002-08-22',7,913),(378,'Lady','2005-07-02',1,930),(379,'Molly','2007-11-12',7,407),(380,'Lucky','2002-10-02',8,165),(381,'Gizmo','2005-01-26',8,90),(382,'Samantha','2007-04-04',13,350),(383,'Daisy','2009-07-13',4,1396),(384,'Patch','2002-04-03',8,998),(385,'Brandy','2002-09-27',13,951),(386,'Samantha','2009-08-31',3,447),(387,'Jake','2009-04-24',14,1213),(388,'Simba','2003-03-14',15,258),(389,'Tigger','2002-03-28',1,1138),(390,'Rocky','2002-05-21',9,491),(391,'Brandy','2009-05-24',9,1478),(392,'Lucky','2005-04-22',7,99),(393,'Pepper','2008-09-11',12,302),(394,'Daisy','2009-07-22',7,434),(395,'Whiskers','2008-11-15',8,1429),(396,'Taz','2008-12-11',15,615),(397,'Harley','2008-03-04',5,882),(398,'Buster','2003-05-27',10,1040),(399,'Lady','2004-02-09',13,251),(400,'Baby','2003-04-28',12,1304),(401,'Patch','2006-01-13',8,40),(402,'Sam','2007-04-12',6,86),(403,'Shadow','2002-01-18',11,116),(404,'Sandy','2001-11-26',7,1090),(405,'Missy','2009-03-04',1,390),(406,'Princess','2007-01-28',1,775),(407,'Katie','2004-07-11',7,516),(408,'Cody','2005-06-05',4,1429),(409,'Simba','2002-01-02',1,1072),(410,'Rusty','2008-02-12',14,114),(411,'Sophie','2005-06-15',10,1159),(412,'Dakota','2003-12-03',1,142),(413,'Max','2001-12-24',4,1359),(414,'Fido','2002-04-16',3,250),(415,'Tweety','2007-11-13',5,1512),(416,'Benjy','2005-07-15',2,1512);
/*!40000 ALTER TABLE `pets` ENABLE KEYS */;
UNLOCK TABLES;

--
-- Table structure for table `specialties`
--

DROP TABLE IF EXISTS `specialties`;
/*!40101 SET @saved_cs_client     = @@character_set_client */;
/*!40101 SET character_set_client = utf8 */;
CREATE TABLE `specialties` (
  `id` int(4) unsigned NOT NULL AUTO_INCREMENT,
  `name` varchar(80) DEFAULT NULL,
  PRIMARY KEY (`id`),
  KEY `name` (`name`)
) ENGINE=InnoDB AUTO_INCREMENT=8 DEFAULT CHARSET=latin1;
/*!40101 SET character_set_client = @saved_cs_client */;

--
-- Dumping data for table `specialties`
--

LOCK TABLES `specialties` WRITE;
/*!40000 ALTER TABLE `specialties` DISABLE KEYS */;
INSERT INTO `specialties` VALUES (3,'dentistry'),(5,'dermatology'),(4,'emergency'),(6,'imaging'),(1,'radiology'),(2,'surgery'),(7,'vision');
/*!40000 ALTER TABLE `specialties` ENABLE KEYS */;
UNLOCK TABLES;

--
-- Table structure for table `types`
--

DROP TABLE IF EXISTS `types`;
/*!40101 SET @saved_cs_client     = @@character_set_client */;
/*!40101 SET character_set_client = utf8 */;
CREATE TABLE `types` (
  `id` int(4) unsigned NOT NULL AUTO_INCREMENT,
  `name` varchar(80) DEFAULT NULL,
  PRIMARY KEY (`id`),
  KEY `name` (`name`)
) ENGINE=InnoDB AUTO_INCREMENT=17 DEFAULT CHARSET=latin1;
/*!40101 SET character_set_client = @saved_cs_client */;

--
-- Dumping data for table `types`
--

LOCK TABLES `types` WRITE;
/*!40000 ALTER TABLE `types` DISABLE KEYS */;
INSERT INTO `types` VALUES (5,'bird'),(1,'cat'),(2,'dog'),(12,'fish'),(6,'hamster'),(16,'horse'),(9,'iguana'),(3,'lizard'),(7,'mouse'),(14,'pig'),(8,'rabbit'),(13,'rat'),(4,'snake'),(10,'snake'),(15,'tortoise'),(11,'turtle');
/*!40000 ALTER TABLE `types` ENABLE KEYS */;
UNLOCK TABLES;

--
-- Table structure for table `vet_specialties`
--

DROP TABLE IF EXISTS `vet_specialties`;
/*!40101 SET @saved_cs_client     = @@character_set_client */;
/*!40101 SET character_set_client = utf8 */;
CREATE TABLE `vet_specialties` (
  `vet_id` int(4) unsigned NOT NULL,
  `specialty_id` int(4) unsigned NOT NULL,
  KEY `fk_vet_specialties_vets` (`vet_id`),
  KEY `fk_vet_specialties_specialties` (`specialty_id`),
  CONSTRAINT `fk_vet_specialties_specialties` FOREIGN KEY (`specialty_id`) REFERENCES `specialties` (`id`),
  CONSTRAINT `fk_vet_specialties_vets` FOREIGN KEY (`vet_id`) REFERENCES `vets` (`id`)
) ENGINE=InnoDB DEFAULT CHARSET=latin1;
/*!40101 SET character_set_client = @saved_cs_client */;

--
-- Dumping data for table `vet_specialties`
--

LOCK TABLES `vet_specialties` WRITE;
/*!40000 ALTER TABLE `vet_specialties` DISABLE KEYS */;
INSERT INTO `vet_specialties` VALUES (2,1),(3,2),(3,3),(4,2),(5,1),(11,3),(12,7),(13,6),(14,6),(15,4),(16,4),(17,6),(18,1),(19,2),(20,1),(21,7),(22,5),(23,5),(24,1),(25,7),(26,6),(27,2),(28,5),(29,5),(30,6),(31,5),(32,4),(33,4),(34,5),(35,1),(36,2),(37,7),(38,3),(39,1),(40,4),(41,5),(42,2),(43,2),(44,7),(45,2),(46,5),(47,4),(48,7),(49,2),(50,3),(51,5),(52,6),(53,1),(54,6),(55,2),(56,6),(57,5),(58,2),(59,5),(60,2),(61,4),(62,6),(63,4),(64,3),(65,2),(66,2),(67,1),(68,3),(69,1),(70,2),(71,2),(72,6),(73,4),(74,7),(75,2),(76,3),(77,4),(78,2),(79,4),(80,1),(81,6),(82,5),(83,5),(84,7),(85,4),(86,3),(87,1),(88,3),(89,1),(90,2),(91,2),(92,6),(93,2),(94,4),(95,2),(96,1),(97,1),(98,6),(99,1),(100,3),(101,3),(102,1),(103,5),(104,1),(105,2),(106,5),(107,3),(108,4),(109,5),(110,4),(111,6),(112,6),(113,1),(114,6),(115,4),(116,4),(117,7),(118,7),(119,6),(120,2),(121,1),(122,1),(123,2),(124,4),(125,7),(126,5),(127,2),(128,7),(129,7),(130,7),(131,5),(132,6),(133,3),(134,6),(135,7),(136,3),(137,1),(138,7),(139,3),(140,1),(141,1),(142,3),(143,2),(144,5),(145,3),(146,2),(147,3),(148,4),(149,1),(150,6),(151,2),(152,5),(153,7),(154,7),(155,2),(156,1),(157,5),(158,2),(159,1),(160,7),(161,7),(162,3),(163,1),(164,7),(165,3),(166,2),(167,1),(168,2),(169,4),(170,4),(171,4),(172,3),(173,6),(174,5),(175,7),(176,3),(177,6),(178,6),(179,2),(180,6),(181,4),(182,5),(183,5),(184,5),(185,6),(186,1),(187,1),(188,6),(189,2),(190,1),(191,6),(192,3),(193,4),(194,7),(195,4),(196,4),(197,2),(198,1),(199,1),(200,5),(201,6),(202,3),(203,7),(204,4),(205,5),(206,6),(207,7),(208,1),(209,2),(210,3),(211,5),(212,6),(213,5),(214,6),(215,1),(216,5),(217,2),(218,3),(219,6),(220,3),(221,5),(222,1),(223,6),(224,1),(225,5),(226,3),(227,3),(228,6),(229,6),(230,6),(231,7),(232,4),(233,1),(234,4),(235,5),(236,6),(237,5),(238,7),(239,3),(240,6),(241,5),(242,7),(243,2),(244,3),(245,2),(246,1),(247,4),(248,5),(249,5),(250,7),(251,1),(252,2),(253,2),(254,4),(255,1),(256,6),(257,5),(258,2),(259,1),(260,1),(261,3),(262,2),(263,2),(264,2),(265,5),(266,2),(267,3),(268,7),(269,1),(270,1),(271,7),(272,1),(273,5),(274,1),(275,5),(276,2),(277,4),(278,3),(279,4),(280,5),(281,1),(282,1),(283,3),(284,7),(285,4),(286,1),(287,6),(288,2),(289,3),(290,4),(291,4),(292,1),(293,5),(294,1),(295,2),(296,7),(297,7),(298,2),(299,7),(300,5),(301,6),(302,1),(303,2),(304,3),(305,4),(306,5),(307,2),(308,3),(309,7),(310,2),(311,6),(312,5),(313,3),(314,7),(315,1),(316,2),(317,6),(318,7),(319,6),(320,3),(321,7),(322,6),(323,1),(324,1),(325,2),(326,6),(327,4),(328,6),(329,2),(330,6),(331,6),(332,1),(333,7),(334,1),(335,5),(336,3),(337,1),(338,7),(339,4),(340,4),(341,3),(342,1),(343,3),(344,4),(345,2),(346,1),(347,7),(348,1),(349,5),(350,1),(351,1),(352,3),(353,1),(354,3),(355,6),(356,2),(357,6),(358,2),(359,6),(360,3),(361,6),(362,5),(363,5),(364,5),(365,2),(366,6),(367,5),(368,3),(369,6),(370,3),(371,1),(372,6),(373,7),(374,3),(375,1),(376,2),(377,1),(378,3),(379,2),(380,7),(381,4),(382,1),(383,2),(384,1),(385,7),(386,6),(387,4),(388,5),(389,2),(390,4),(391,7),(392,1),(393,1),(394,4),(395,1),(396,3),(397,3),(398,6),(399,6),(400,7),(401,5),(402,4),(403,6),(404,2),(405,6),(406,4),(407,4),(408,7),(409,1),(410,4),(411,2),(412,2),(413,6),(414,4),(415,6),(416,3),(417,7),(418,4),(419,5),(420,7),(421,2),(422,7),(423,7),(424,7),(425,3),(426,4),(427,5),(428,7),(429,3),(430,6),(431,7),(432,4),(433,4),(434,4),(435,4),(436,1),(437,4),(438,2),(439,3),(440,6),(441,5),(442,7),(443,1),(444,2),(445,5),(446,7),(447,1),(448,3),(449,5),(450,4),(451,1),(452,2),(453,5),(454,5),(455,2),(456,3),(457,5),(458,6),(459,6),(460,2),(461,7),(462,5),(463,3),(464,3),(465,1),(466,7),(467,7),(468,7),(469,6),(470,4),(471,5),(472,3),(473,3),(474,4),(475,6),(476,5),(477,7),(478,5),(479,5),(480,7),(481,3),(482,3),(483,4),(484,4),(485,7),(486,1),(487,4),(488,2),(489,4),(490,1),(491,1),(492,7),(493,4),(494,4),(495,2),(496,3),(497,4),(498,1),(499,1),(500,7),(501,1),(502,7),(503,7),(504,3),(505,2),(506,3),(507,4),(508,6),(509,2),(510,4),(511,3),(512,6),(513,7),(514,2),(515,5),(516,4),(517,5),(518,7),(519,3),(520,7),(521,7),(522,3),(523,2),(524,3),(525,5),(526,3),(527,5),(528,3),(529,7),(530,2),(531,5),(532,3),(533,5),(534,5),(535,2),(536,6),(537,4),(538,5),(539,7),(540,7),(541,2),(542,3),(543,5),(544,7),(545,5),(546,3),(547,2),(548,3),(549,2),(550,7),(551,5),(552,7),(553,7),(554,6),(555,1),(556,5),(557,5),(558,3),(559,3),(560,6),(561,4),(562,2),(563,1),(564,2),(565,6),(566,4),(567,6),(568,5),(569,6),(570,3),(571,1),(572,4),(573,1),(574,7),(575,1),(576,2),(577,6),(578,3),(579,7),(580,2),(581,4),(582,2),(583,5),(584,4),(585,3),(586,4),(587,4),(588,6),(589,4),(590,6),(591,2),(592,6),(593,4),(594,7),(595,7),(596,5),(597,5),(598,3),(599,5),(600,5),(601,7),(602,3),(603,1),(604,4),(605,4),(606,2),(607,6),(608,7),(609,2),(610,2),(611,1),(612,7),(613,2),(614,2),(615,7),(616,6),(617,7),(618,7),(619,2),(620,1),(621,4),(622,1),(623,7),(624,2),(625,2),(626,2),(627,4),(628,7),(629,7),(630,6),(631,5),(632,1),(633,6),(634,2),(635,4),(636,1),(637,3),(638,3),(639,7),(640,7),(641,7),(642,4),(643,6),(644,6),(645,3),(646,2),(647,5),(648,5),(649,1),(650,7),(651,4),(652,7),(653,3),(654,2),(655,1),(656,5),(657,6),(658,5),(659,6),(660,4),(661,6),(662,4),(663,1),(664,2),(665,1),(666,7),(667,5),(668,5),(669,4),(670,6),(671,1),(672,3),(673,7),(674,6),(675,6),(676,1),(677,2),(678,3),(679,1),(680,2),(681,3),(682,2),(683,2),(684,4),(685,1),(686,1),(687,1),(688,5),(689,4),(690,6),(691,4),(692,4),(693,7),(694,5),(695,5),(696,1),(697,5),(698,2),(699,2),(700,7),(701,7),(702,7),(703,3),(704,5),(705,3),(706,4),(707,6),(708,4),(709,2),(710,5),(711,1),(712,4),(713,2),(714,5),(715,6),(716,1),(717,3),(718,2),(719,6),(720,4),(721,7),(722,4),(723,2),(724,6),(725,7),(726,6),(727,3),(728,1),(729,4),(730,7),(731,7),(732,7),(733,3),(734,1),(735,3),(736,4),(737,2),(738,7),(739,5),(740,2),(741,6),(742,3),(743,6),(744,4),(745,6),(746,6),(747,5),(748,3),(749,2),(750,4),(751,3),(752,5),(753,2),(754,1),(755,3),(756,1),(757,2),(758,2),(759,3),(760,1),(761,6),(762,1),(763,2),(764,6),(765,2),(766,6),(767,7),(768,2),(769,2),(770,2),(771,2),(772,5),(773,6),(774,3),(775,5),(776,1),(777,4),(778,3),(779,2),(780,5),(781,6),(782,5),(783,4),(784,5),(785,2),(786,6),(787,1),(788,5),(789,7),(790,4),(791,7),(792,5),(793,5),(794,6),(795,3),(796,3),(797,2),(798,1),(799,2),(800,4),(801,2),(802,7),(803,7),(804,6),(805,4),(806,6),(807,6),(808,2),(809,4),(810,7),(811,3),(812,3),(813,1),(814,7),(815,4),(816,4),(817,1),(818,7),(819,2),(820,4),(821,4),(822,6),(823,7),(824,4),(825,1),(826,2),(827,6),(828,2),(829,1),(830,6),(831,6),(832,2),(833,5),(834,2),(835,1),(836,1),(837,1),(838,3),(839,5),(840,1),(841,2),(842,6),(843,6),(844,1),(845,2),(846,5),(847,2),(848,6),(849,2),(850,7),(851,7),(852,6),(853,5),(854,3),(855,2),(856,3),(857,2),(858,6),(859,4),(860,2),(861,4),(862,2),(863,3),(864,3),(865,2),(866,5),(867,3),(868,5),(869,4),(870,5),(871,7),(872,4),(873,5),(874,4),(875,5),(876,1),(877,7),(878,2),(879,1),(880,7),(881,7),(882,4),(883,7),(884,2),(885,2),(886,5),(887,4),(888,7),(889,5),(890,4),(891,4),(892,1),(893,5),(894,6),(895,6),(896,4),(897,1),(898,5),(899,2),(900,2),(901,4),(902,2),(903,5),(904,7),(905,2),(906,7),(907,7),(908,3),(909,4),(910,3),(911,5),(912,4),(913,1),(914,2),(915,5),(916,3),(917,3),(918,3),(919,5),(920,5),(921,4),(922,5),(923,7),(924,4),(925,6),(926,6),(927,4),(928,1),(929,6),(930,3),(931,5),(932,1),(933,3),(934,4),(935,6),(936,4),(937,6),(938,4),(939,4),(940,4),(941,7),(942,6),(943,7),(944,6),(945,5),(946,5),(947,1),(948,1),(949,5),(950,2),(951,2),(952,3),(953,6),(954,1),(955,2),(956,5),(957,1),(958,4),(959,6),(960,3),(961,3),(962,2),(963,2),(964,3),(965,7),(966,3),(967,5),(968,3),(969,5),(970,4),(971,6),(972,1),(973,2),(974,2),(975,5),(976,3),(977,4),(978,4),(979,6),(980,7),(981,5),(982,5),(983,4),(984,4),(985,5),(986,5),(987,2),(988,4),(989,6),(990,5),(991,1),(992,1),(993,2),(994,2),(995,6),(996,2),(997,3),(998,6),(999,4),(1000,6),(1001,6),(1002,7),(1003,5),(1004,1),(1005,5),(1006,3),(1007,6),(1008,1),(1009,7),(1010,1),(1011,4),(1012,6),(1013,3),(1014,1),(1015,5),(1016,3),(1017,5),(1018,1),(1019,2),(1020,3),(1021,7),(1022,5),(1023,1),(1024,7),(1025,7),(1026,1),(1027,4),(1028,5),(1029,4),(1030,1),(1031,5),(1032,3),(1033,2),(1034,1),(1035,3),(1036,2),(1037,5),(1038,4),(1039,6),(1040,6),(1041,4),(1042,2),(1043,1),(1044,2),(1045,7),(1046,5),(1047,4),(1048,1),(1049,7),(1050,4),(1051,6),(1052,3),(1053,5),(1054,4),(1055,1),(1056,1),(1057,2),(1058,4),(1059,7),(1060,1),(1061,4),(1062,6),(1063,2),(1064,1),(1065,2),(1066,3),(1067,7),(1068,7),(1069,1),(1070,5),(1071,7),(1072,3),(1073,6),(1074,5),(1075,6),(1076,5),(1077,1),(1078,4),(1079,2),(1080,7),(1081,5),(1082,2),(1083,1),(1084,4),(1085,7),(1086,1),(1087,3),(1088,6),(1089,6),(1090,2),(1091,1),(1092,2),(1093,3),(1094,3),(1095,4),(1096,3),(1097,3),(1098,7),(1099,2),(1100,5),(1101,4),(1102,2),(1103,3),(1104,3),(1105,1),(1106,2),(1107,7),(1108,5),(1109,6),(1110,2),(1111,3),(1112,1),(1113,7),(1114,6),(1115,6),(1116,6),(1117,6),(1118,5),(1119,1),(1120,1),(1121,1),(1122,1),(1123,4),(1124,1),(1125,5),(1126,4),(1127,1),(1128,3),(1129,7),(1130,1),(1131,1),(1132,7),(1133,1),(1134,5),(1135,1),(1136,5),(1137,5),(1138,5),(1139,3),(1140,2),(1141,7),(1142,2),(1143,7),(1144,7),(1145,3),(1146,7),(1147,2),(1148,3),(1149,6),(1150,6),(1151,4),(1152,2),(1153,7),(1154,4),(1155,5),(1156,5),(1157,5),(1158,1),(1159,1),(1160,4),(1161,3),(1162,6),(1163,7),(1164,6),(1165,1),(1166,2),(1167,3),(1168,6),(1169,7),(1170,1),(1171,4),(1172,2),(1173,5),(1174,7),(1175,4),(1176,6),(1177,2),(1178,7),(1179,5),(1180,4),(1181,7),(1182,3),(1183,1),(1184,4),(1185,4),(1186,7),(1187,2),(1188,4),(1189,5),(1190,2),(1191,3),(1192,6),(1193,7),(1194,2),(1195,4),(1196,7),(1197,3),(1198,5),(1199,6),(1200,6),(1201,4),(1202,3),(1203,4),(1204,2),(1205,6),(1206,7),(1207,1),(1208,3),(1209,7),(1210,1),(1211,1),(1212,2),(1213,3),(1214,1),(1215,4),(1216,4),(1217,5),(1218,7),(1219,4),(1220,6),(1221,7),(1222,4),(1223,3),(1224,2),(1225,4),(1226,6),(1227,3),(1228,5),(1229,7),(1230,6),(1231,4),(1232,4),(1233,7),(1234,5),(1235,6),(1236,6),(1237,4),(1238,1),(1239,2),(1240,2),(1241,6),(1242,3),(1243,3),(1244,4),(1245,4),(1246,1),(1247,4),(1248,7),(1249,4),(1250,4),(1251,1),(1252,3),(1253,3),(1254,2),(1255,2),(1256,3),(1257,6),(1258,2),(1259,4),(1260,5),(1261,1),(1262,2),(1263,2),(1264,7),(1265,3),(1266,2),(1267,1),(1268,4),(1269,2),(1270,1),(1271,1),(1272,4),(1273,5),(1274,1),(1275,1),(1276,5),(1277,2),(1278,6),(1279,2),(1280,5),(1281,7),(1282,2),(1283,4),(1284,4),(1285,1),(1286,3),(1287,7),(1288,6),(1289,1),(1290,2),(1291,6),(1292,5),(1293,2),(1294,3),(1295,2),(1296,1),(1297,7),(1298,1),(1299,7),(1300,1),(1301,4),(1302,4),(1303,4),(1304,2),(1305,7),(1306,2),(1307,3),(1308,2),(1309,7),(1310,4),(1311,3),(1312,6),(1313,4),(1314,5),(1315,2),(1316,4),(1317,4),(1318,3),(1319,4),(1320,7),(1321,4),(1322,6),(1323,1),(1324,1),(1325,2),(1326,7),(1327,2),(1328,7),(1329,7),(1330,3),(1331,7),(1332,3),(1333,7),(1334,3),(1335,2),(1336,7),(1337,5),(1338,1),(1339,2),(1340,4),(1341,5),(1342,4),(1343,4),(1344,6),(1345,4),(1346,2),(1347,7),(1348,1),(1349,1),(1350,3),(1351,4),(1352,1),(1353,3),(1354,7),(1355,1),(1356,1),(1357,6),(1358,7),(1359,5),(1360,1),(1361,3),(1362,1),(1363,5),(1364,1),(1365,4),(1366,4),(1367,4),(1368,1),(1369,2),(1370,1),(1371,1),(1372,4),(1373,7),(1374,7),(1375,5),(1376,2),(1377,6),(1378,3),(1379,7),(1380,5),(1381,6),(1382,3),(1383,2),(1384,4),(1385,5),(1386,4),(1387,4),(1388,7),(1389,7),(1390,4),(1391,1),(1392,1),(1393,2),(1394,3),(1395,2),(1396,1),(1397,6),(1398,4),(1399,6),(1400,6),(1401,2),(1402,7),(1403,1),(1404,5),(1405,5),(1406,6),(1407,6),(1408,7),(1409,5),(1410,6),(1411,7),(1412,5),(1413,7),(1414,4),(1415,1),(1416,2),(1417,1),(1418,6),(1419,1),(1420,4),(1421,3),(1422,4),(1423,3),(1424,6),(1425,2),(1426,2),(1427,4),(1428,5),(1429,3),(1430,3),(1431,7),(1432,3),(1433,6),(1434,2),(1435,4),(1436,5),(1437,2),(1438,3),(1439,1),(1440,7),(1441,7),(1442,7),(1443,5),(1444,4),(1445,7),(1446,7),(1447,5),(1448,2),(1449,7),(1450,6),(1451,4),(1452,4),(1453,2),(1454,1),(1455,5),(1456,7),(1457,4),(1458,7),(1459,6),(1460,6),(1461,6),(1462,4),(1463,2),(1464,7),(1465,5),(1466,3),(1467,7),(1468,1),(1469,7),(1470,3),(1471,6),(1472,7),(1473,5),(1474,2),(1475,7),(1476,5),(1477,2),(1478,7),(1479,7),(1480,1),(1481,6),(1482,6),(1483,7),(1484,3),(1485,1),(1486,3),(1487,7),(1488,5),(1489,7),(1490,4),(1491,2),(1492,7),(1493,4),(1494,4),(1495,7),(1496,5),(1497,5),(1498,1),(1499,7),(1500,7),(9,1);
/*!40000 ALTER TABLE `vet_specialties` ENABLE KEYS */;
UNLOCK TABLES;

--
-- Table structure for table `vets`
--

DROP TABLE IF EXISTS `vets`;
/*!40101 SET @saved_cs_client     = @@character_set_client */;
/*!40101 SET character_set_client = utf8 */;
CREATE TABLE `vets` (
  `id` int(4) unsigned NOT NULL AUTO_INCREMENT,
  `first_name` varchar(30) DEFAULT NULL,
  `last_name` varchar(30) DEFAULT NULL,
  PRIMARY KEY (`id`),
  KEY `last_name` (`last_name`)
) ENGINE=InnoDB AUTO_INCREMENT=1501 DEFAULT CHARSET=latin1;
/*!40101 SET character_set_client = @saved_cs_client */;

--
-- Dumping data for table `vets`
--

LOCK TABLES `vets` WRITE;
/*!40000 ALTER TABLE `vets` DISABLE KEYS */;
INSERT INTO `vets` VALUES (1,'James','Carter'),(2,'Helen','Leary'),(3,'Linda','Douglas'),(4,'Rafael','Ortega'),(5,'Henry','Stevens'),(6,'Sharon','Jenkins'),(7,'Parker','Gonzalez'),(8,'Corey','Scott'),(9,'Winford','Sanchez'),(10,'Dylan','Jones'),(11,'Cyril','Thomas'),(12,'Mason','Allen'),(13,'Dexter','Scott'),(14,'Daniel','Williams'),(15,'Sebastian','Rodriguez'),(16,'Octavio','Campbell'),(17,'Joesph','Young'),(18,'Mohammad','Thompson'),(19,'Pasquale','Moore'),(20,'Arden','Lewis'),(21,'Marco','Lopez'),(22,'Milton','Williams'),(23,'Xavier','Wright'),(24,'Mckinley','Baker'),(25,'Elliott','White'),(26,'Gregorio','Mitchell'),(27,'Darius','Phillips'),(28,'Jeffrey','Turner'),(29,'Louie','Green'),(30,'Valentine','Brown'),(31,'Chadwick','Brown'),(32,'Vincent','Edwards'),(33,'Denver','Perez'),(34,'August','Perez'),(35,'Emmitt','Davis'),(36,'Gaylord','Phillips'),(37,'Emery','Young'),(38,'Moses','Parker'),(39,'Quentin','Smith'),(40,'Joseph','Thomas'),(41,'Alvin','Rodriguez'),(42,'Morton','Anderson'),(43,'Scottie','Wilson'),(44,'Elliot','Green'),(45,'Jasper','Walker'),(46,'Wilton','Brown'),(47,'Ruben','Allen'),(48,'Doyle','Wilson'),(49,'Weston','Brown'),(50,'Orval','Parker'),(51,'Cordell','Jones'),(52,'Randal','Davis'),(53,'Bruno','Campbell'),(54,'Rhett','Sanchez'),(55,'Amado','Allen'),(56,'Dillon','Collins'),(57,'Carlton','Allen'),(58,'Sergio','Clark'),(59,'Augustus','Evans'),(60,'Orval','Moore'),(61,'Dwight','Stewart'),(62,'Barton','Lewis'),(63,'Johnathan','Mitchell'),(64,'Ernie','Jones'),(65,'Jerome','Adams'),(66,'Shaun','Thompson'),(67,'Leonel','Miller'),(68,'Josef','Brown'),(69,'Orlando','Carter'),(70,'Jesus','Rodriguez'),(71,'Bryan','Lewis'),(72,'Walton','Gonzalez'),(73,'Stanford','Evans'),(74,'Timmy','Parker'),(75,'Duncan','Miller'),(76,'Merle','Martin'),(77,'Lynwood','Thomas'),(78,'Ollie','Turner'),(79,'Marion','Evans'),(80,'Mathew','Moore'),(81,'Anton','Young'),(82,'Pierre','Parker'),(83,'Willy','Perez'),(84,'Geraldo','Edwards'),(85,'Sammy','Jackson'),(86,'Thaddeus','Jones'),(87,'Marcel','Collins'),(88,'Robby','Parker'),(89,'Linwood','White'),(90,'Garret','Davis'),(91,'Tanner','Smith'),(92,'Mariano','Wright'),(93,'Craig','Jones'),(94,'Isreal','Rogers'),(95,'Rubin','Allen'),(96,'Isreal','Collins'),(97,'Alfonso','Edwards'),(98,'Ronnie','Hernandez'),(99,'Warren','Roberts'),(100,'Trevor','Evans'),(101,'Tyree','Jackson'),(102,'Jarrett','Lopez'),(103,'Andres','Anderson'),(104,'Delmer','Walker'),(105,'Donny','Walker'),(106,'Orville','Roberts'),(107,'Maynard','Brown'),(108,'Lowell','Green'),(109,'Kareem','Lewis'),(110,'Esteban','Williams'),(111,'Vernon','White'),(112,'Shirley','Sanchez'),(113,'Orlando','Gonzalez'),(114,'Merrill','Campbell'),(115,'Elvis','Gonzalez'),(116,'Rashad','Martin'),(117,'Lanny','Martinez'),(118,'Sylvester','Edwards'),(119,'Deandre','Robinson'),(120,'Milton','Stewart'),(121,'Wilton','Roberts'),(122,'Hosea','Morris'),(123,'Alonso','Wilson'),(124,'Jeremiah','Lewis'),(125,'Ellis','Nelson'),(126,'Aaron','Nelson'),(127,'Margarito','Gonzalez'),(128,'Lesley','Jackson'),(129,'Chadwick','Davis'),(130,'Fermin','Clark'),(131,'Norbert','Williams'),(132,'Moises','Evans'),(133,'Rodrick','Rogers'),(134,'Vincenzo','Thompson'),(135,'Ramon','Anderson'),(136,'Marion','Mitchell'),(137,'Cecil','Allen'),(138,'Cristopher','Gonzalez'),(139,'Herbert','Martinez'),(140,'Melvin','Taylor'),(141,'Houston','Moore'),(142,'Maynard','Turner'),(143,'Donte','Evans'),(144,'Warren','Taylor'),(145,'Arturo','Sanchez'),(146,'Jayson','Robinson'),(147,'Ramon','Smith'),(148,'Clemente','Rogers'),(149,'Alden','Walker'),(150,'Alden','Edwards'),(151,'Jeramy','Wright'),(152,'Cecil','Garcia'),(153,'Morris','Allen'),(154,'Bernie','Harris'),(155,'Micheal','Collins'),(156,'Devon','Collins'),(157,'Merrill','Moore'),(158,'Grady','Harris'),(159,'Lesley','Rodriguez'),(160,'Enrique','Brown'),(161,'Leonardo','Taylor'),(162,'Toney','Phillips'),(163,'Leland','Taylor'),(164,'Edison','Jackson'),(165,'Zackary','Collins'),(166,'Fletcher','Baker'),(167,'Bruce','Stewart'),(168,'Wilbert','Miller'),(169,'Lucien','Wright'),(170,'Booker','Jackson'),(171,'Lanny','Nelson'),(172,'Murray','Campbell'),(173,'Logan','Brown'),(174,'Cristobal','Stewart'),(175,'Marshall','Williams'),(176,'Ezequiel','Sanchez'),(177,'Dewayne','White'),(178,'Harvey','Hernandez'),(179,'Kraig','Taylor'),(180,'Elliot','Smith'),(181,'Samuel','Jones'),(182,'Titus','Perez'),(183,'Williams','Anderson'),(184,'Shannon','Moore'),(185,'Homer','Carter'),(186,'Stewart','Williams'),(187,'Jermaine','Thompson'),(188,'Fletcher','Williams'),(189,'Bryce','Phillips'),(190,'Rosario','Hernandez'),(191,'Lionel','Phillips'),(192,'Virgil','Smith'),(193,'Abram','Martin'),(194,'Dwain','Rogers'),(195,'Lynwood','Allen'),(196,'Antony','Collins'),(197,'Patrick','Miller'),(198,'Grady','Phillips'),(199,'Davis','Scott'),(200,'Wilton','Moore'),(201,'Arlen','Gonzalez'),(202,'Grant','Nelson'),(203,'Fausto','Williams'),(204,'Lonnie','Morris'),(205,'Jeramy','Perez'),(206,'Freddy','Allen'),(207,'Garfield','Robinson'),(208,'Anton','Williams'),(209,'Wilford','Green'),(210,'Porfirio','Harris'),(211,'Sonny','Wilson'),(212,'Donald','Stewart'),(213,'Chance','Harris'),(214,'Rolland','Carter'),(215,'Luther','Collins'),(216,'Louis','Martin'),(217,'Israel','Smith'),(218,'Elias','Turner'),(219,'Teddy','Wright'),(220,'Franklin','Jones'),(221,'Leonel','Morris'),(222,'Hobert','Green'),(223,'Santiago','Moore'),(224,'Duane','Garcia'),(225,'Patricia','Garcia'),(226,'Ignacio','Stewart'),(227,'Louis','Phillips'),(228,'Lindsay','Hernandez'),(229,'Brant','Campbell'),(230,'Leroy','Turner'),(231,'Cordell','Parker'),(232,'Percy','Scott'),(233,'Palmer','Jackson'),(234,'Dante','Miller'),(235,'Morton','Rogers'),(236,'Rosario','Adams'),(237,'Brent','Roberts'),(238,'Jeffery','Miller'),(239,'Samual','Lewis'),(240,'Emmanuel','Mitchell'),(241,'Walter','Brown'),(242,'Edwardo','Lewis'),(243,'Ellsworth','Carter'),(244,'Eugenio','Parker'),(245,'Landon','Thompson'),(246,'Leonardo','Stewart'),(247,'Monroe','Harris'),(248,'Johnathon','Allen'),(249,'Brock','Parker'),(250,'Ismael','Rodriguez'),(251,'Victor','Mitchell'),(252,'Kenton','Smith'),(253,'James','Hernandez'),(254,'Thanh','Phillips'),(255,'Scott','Green'),(256,'Philip','Taylor'),(257,'Barrett','Jones'),(258,'Abraham','Garcia'),(259,'Hubert','Carter'),(260,'Barton','Brown'),(261,'Dorian','Walker'),(262,'Heriberto','Stewart'),(263,'Chadwick','Baker'),(264,'Alberto','Rogers'),(265,'Elden','Taylor'),(266,'Normand','Allen'),(267,'Jonathan','Miller'),(268,'Fernando','Baker'),(269,'Merrill','Rogers'),(270,'Barton','Carter'),(271,'Marion','Evans'),(272,'Ramiro','Campbell'),(273,'Jarrod','Gonzalez'),(274,'Vincenzo','Lopez'),(275,'Tyson','Young'),(276,'Jefferey','Edwards'),(277,'Arthur','Jackson'),(278,'Foster','Clark'),(279,'Heriberto','Thompson'),(280,'Shawn','Turner'),(281,'Antone','Lewis'),(282,'Leland','Jones'),(283,'Jimmie','Roberts'),(284,'Gregory','Young'),(285,'Maurice','Garcia'),(286,'Fernando','Turner'),(287,'Myles','Wright'),(288,'Philip','Green'),(289,'Jerry','Scott'),(290,'Major','Taylor'),(291,'Gerardo','Lewis'),(292,'Antone','Parker'),(293,'Margarito','Thomas'),(294,'Wilson','Rodriguez'),(295,'Chung','Hernandez'),(296,'Jason','Parker'),(297,'Denver','Mitchell'),(298,'Chris','Martin'),(299,'Grover','Wilson'),(300,'Lyndon','Nelson'),(301,'Mathew','Evans'),(302,'Rusty','Brown'),(303,'Forrest','Harris'),(304,'Richie','Perez'),(305,'Howard','Brown'),(306,'Hector','Harris'),(307,'Donald','Walker'),(308,'Peter','Edwards'),(309,'Robbie','Johnson'),(310,'Fidel','Harris'),(311,'Roderick','Harris'),(312,'Conrad','Thomas'),(313,'Fredrick','Morris'),(314,'Clement','Collins'),(315,'Mariano','Sanchez'),(316,'Roberto','Morris'),(317,'Ruben','Thomas'),(318,'Garry','Green'),(319,'Morris','Martinez'),(320,'Rafael','Morris'),(321,'Humberto','Stewart'),(322,'Roger','Moore'),(323,'Tommy','Garcia'),(324,'Tommie','Walker'),(325,'Michael','Morris'),(326,'Josef','Smith'),(327,'Austin','Phillips'),(328,'Sanford','Perez'),(329,'Devin','Adams'),(330,'Paris','Parker'),(331,'Lloyd','Baker'),(332,'Isidro','Nelson'),(333,'Nathaniel','Perez'),(334,'Cedric','Lopez'),(335,'Dominick','Collins'),(336,'Bertram','Gonzalez'),(337,'Gavin','Wilson'),(338,'Jefferson','Baker'),(339,'Elias','Parker'),(340,'Clair','Campbell'),(341,'Seymour','Edwards'),(342,'Kareem','Edwards'),(343,'Corey','Thomas'),(344,'Cristopher','Smith'),(345,'Clint','Scott'),(346,'Adolph','Hernandez'),(347,'Marty','Baker'),(348,'Emmanuel','Lopez'),(349,'Jonah','Lewis'),(350,'Rolando','Morris'),(351,'Barry','Scott'),(352,'Xavier','White'),(353,'Lyman','Moore'),(354,'Raymond','Wilson'),(355,'Vincenzo','Mitchell'),(356,'Ahmed','Young'),(357,'Simon','Nelson'),(358,'Rufus','Johnson'),(359,'Mitchel','Miller'),(360,'Granville','Clark'),(361,'Samuel','Williams'),(362,'Mitchell','Roberts'),(363,'Valentine','Robinson'),(364,'Boris','Thompson'),(365,'Harlan','Perez'),(366,'Harry','Rodriguez'),(367,'Deshawn','Clark'),(368,'Luigi','Parker'),(369,'Carmelo','Adams'),(370,'Virgilio','Hernandez'),(371,'Markus','Thomas'),(372,'Jeffrey','Roberts'),(373,'Christopher','Rogers'),(374,'Lyndon','Adams'),(375,'Fausto','Martin'),(376,'Harry','Martin'),(377,'Rudolf','Williams'),(378,'Lucien','Perez'),(379,'Andreas','Adams'),(380,'Terence','Baker'),(381,'Jasper','Adams'),(382,'Cristobal','Allen'),(383,'Gaylord','Martinez'),(384,'Kasey','Jackson'),(385,'Darell','Carter'),(386,'Adalberto','Mitchell'),(387,'Felipe','Jackson'),(388,'Edwin','Evans'),(389,'Demarcus','Allen'),(390,'Rickey','Sanchez'),(391,'Collin','Carter'),(392,'Julian','Nelson'),(393,'Edgar','Adams'),(394,'Teddy','Phillips'),(395,'Monty','Moore'),(396,'Ahmad','Harris'),(397,'Vicente','Roberts'),(398,'Ronnie','Stewart'),(399,'Alexis','Jones'),(400,'Buster','White'),(401,'Frederic','Smith'),(402,'Kelvin','Martinez'),(403,'Isreal','Evans'),(404,'Basil','Hernandez'),(405,'Graig','Morris'),(406,'Parker','Jackson'),(407,'Enoch','Jackson'),(408,'Jamey','Johnson'),(409,'Kurtis','Gonzalez'),(410,'Stuart','Rodriguez'),(411,'Clement','Davis'),(412,'Zackary','Young'),(413,'Sherman','Baker'),(414,'Marvin','Smith'),(415,'Lucius','Baker'),(416,'Kelvin','Edwards'),(417,'Cortez','Roberts'),(418,'Maurice','Young'),(419,'Sydney','Martin'),(420,'Sonny','Perez'),(421,'Riley','Wilson'),(422,'Clinton','Thompson'),(423,'Seymour','Carter'),(424,'Elias','Stewart'),(425,'Jamel','Thompson'),(426,'Newton','Harris'),(427,'Vernon','Taylor'),(428,'Jaime','Roberts'),(429,'Bruno','Jones'),(430,'Cameron','Roberts'),(431,'Emanuel','Thomas'),(432,'Shelby','Robinson'),(433,'Adalberto','Miller'),(434,'Mason','Carter'),(435,'Jerrold','Thomas'),(436,'Alonzo','Clark'),(437,'Rocco','Young'),(438,'Harland','Phillips'),(439,'Normand','Sanchez'),(440,'Merle','Lewis'),(441,'Manual','Moore'),(442,'Virgil','Rogers'),(443,'Douglass','Gonzalez'),(444,'Chris','Davis'),(445,'Malcolm','Edwards'),(446,'Heath','Johnson'),(447,'Wayne','Hernandez'),(448,'Marcus','Stewart'),(449,'Faustino','Martin'),(450,'Archie','Carter'),(451,'Kelley','Williams'),(452,'Shaun','Johnson'),(453,'Antone','Roberts'),(454,'Jaime','Thomas'),(455,'Vicente','Sanchez'),(456,'Edgar','Collins'),(457,'James','Wilson'),(458,'Craig','Thomas'),(459,'Archie','Wright'),(460,'Bruno','Lopez'),(461,'Lenard','Gonzalez'),(462,'Clifford','Collins'),(463,'Kieth','Morris'),(464,'Dewey','Rogers'),(465,'Marlon','Green'),(466,'Wayne','Taylor'),(467,'Mervin','Brown'),(468,'Jewel','Gonzalez'),(469,'Bradly','Roberts'),(470,'Thurman','Harris'),(471,'Lawrence','Brown'),(472,'Freeman','Anderson'),(473,'Charley','Young'),(474,'Jeffery','Harris'),(475,'Devon','Young'),(476,'Deshawn','White'),(477,'Isaac','Jones'),(478,'Emilio','Young'),(479,'Stanton','Rogers'),(480,'Harley','Turner'),(481,'Tobias','Campbell'),(482,'Adalberto','White'),(483,'Fredrick','Sanchez'),(484,'Arnulfo','Martinez'),(485,'Buford','Smith'),(486,'Buddy','Turner'),(487,'Jerold','Robinson'),(488,'Josiah','Smith'),(489,'Roland','Gonzalez'),(490,'Chance','Edwards'),(491,'Stevie','Perez'),(492,'Bruce','Martinez'),(493,'Ariel','Scott'),(494,'Clarence','Williams'),(495,'Clayton','Sanchez'),(496,'Napoleon','Scott'),(497,'Rusty','White'),(498,'Virgilio','Sanchez'),(499,'Bernard','Adams'),(500,'Harrison','Baker'),(501,'Raymon','Thompson'),(502,'Maximo','Phillips'),(503,'Earle','Martinez'),(504,'Chauncey','Miller'),(505,'Donte','Sanchez'),(506,'Earle','Hernandez'),(507,'Stephan','White'),(508,'Weldon','Rogers'),(509,'Solomon','Stewart'),(510,'Arnulfo','Young'),(511,'Samuel','Adams'),(512,'Jefferey','Robinson'),(513,'Lanny','Thompson'),(514,'Lauren','Edwards'),(515,'Elisha','Rodriguez'),(516,'Denny','Martinez'),(517,'Benton','Young'),(518,'Wilson','Wilson'),(519,'Johnny','Smith'),(520,'Enrique','Campbell'),(521,'Trinidad','Hernandez'),(522,'Dalton','Turner'),(523,'Michale','Miller'),(524,'Phillip','Taylor'),(525,'Allen','Stewart'),(526,'Arnold','Lopez'),(527,'Rolando','Roberts'),(528,'Wallace','Allen'),(529,'Armando','Taylor'),(530,'Howard','Adams'),(531,'Leroy','Green'),(532,'Johnson','Jackson'),(533,'Edgar','Martin'),(534,'Edwardo','Jones'),(535,'Rodrigo','Phillips'),(536,'Sanford','Anderson'),(537,'Davis','Morris'),(538,'Herman','Miller'),(539,'Robin','Roberts'),(540,'Tracy','Wilson'),(541,'Valentin','Perez'),(542,'Raymon','Wilson'),(543,'Abraham','Campbell'),(544,'Jeffrey','Gonzalez'),(545,'Kelvin','Jones'),(546,'Miguel','Wilson'),(547,'Brain','Williams'),(548,'Rodrick','Robinson'),(549,'Damian','Wright'),(550,'Winfred','Sanchez'),(551,'Willis','Walker'),(552,'Aubrey','Sanchez'),(553,'Heath','Williams'),(554,'Lucius','Roberts'),(555,'Marcelino','Rogers'),(556,'Neville','Green'),(557,'Monroe','Mitchell'),(558,'Mariano','Parker'),(559,'Thurman','Young'),(560,'Teodoro','Lewis'),(561,'Rigoberto','Morris'),(562,'Warren','Perez'),(563,'Clifford','Lopez'),(564,'Angel','Thompson'),(565,'Wilburn','Allen'),(566,'Curtis','Turner'),(567,'Broderick','Garcia'),(568,'Pedro','Miller'),(569,'Javier','Collins'),(570,'Sydney','Clark'),(571,'Normand','Garcia'),(572,'Haywood','Phillips'),(573,'Johnson','Phillips'),(574,'Deandre','Lopez'),(575,'Laverne','Mitchell'),(576,'Dexter','Nelson'),(577,'Fletcher','Hernandez'),(578,'Numbers','Collins'),(579,'Shelton','Parker'),(580,'Issac','Rodriguez'),(581,'Tyrone','Miller'),(582,'Freddy','Wright'),(583,'Judson','Mitchell'),(584,'Arthur','Collins'),(585,'Esteban','Allen'),(586,'Lauren','Jones'),(587,'Millard','Miller'),(588,'Blaine','Lopez'),(589,'Mervin','Morris'),(590,'Stanford','Johnson'),(591,'Garrett','White'),(592,'Edgar','Williams'),(593,'Blair','Brown'),(594,'Caleb','Taylor'),(595,'Harold','Wright'),(596,'Elliot','Allen'),(597,'Damion','Harris'),(598,'Sidney','Gonzalez'),(599,'Edwardo','Allen'),(600,'Hobert','Phillips'),(601,'Tommy','Mitchell'),(602,'Edgar','Rogers'),(603,'Bryce','Morris'),(604,'Lanny','Hernandez'),(605,'Vance','Parker'),(606,'Winford','Walker'),(607,'Micheal','Robinson'),(608,'Barton','Hernandez'),(609,'Morton','Miller'),(610,'Benito','Wright'),(611,'Sherwood','Carter'),(612,'Edgardo','Parker'),(613,'Rudolf','Green'),(614,'Hollis','Wright'),(615,'Scotty','Parker'),(616,'Orval','Smith'),(617,'Elden','Hernandez'),(618,'Margarito','Morris'),(619,'Williams','Adams'),(620,'Derick','Young'),(621,'Clyde','Parker'),(622,'Abram','Roberts'),(623,'Jerry','Scott'),(624,'Emanuel','Gonzalez'),(625,'Cesar','Martin'),(626,'Deangelo','Turner'),(627,'Russel','Wilson'),(628,'Edmund','Lopez'),(629,'Gregorio','Davis'),(630,'Grover','Green'),(631,'Hosea','Clark'),(632,'Newton','Brown'),(633,'Alexis','Williams'),(634,'Charles','Baker'),(635,'Murray','Allen'),(636,'Lauren','Martin'),(637,'Waldo','Rodriguez'),(638,'Ismael','Brown'),(639,'Orlando','Jones'),(640,'Quinn','Campbell'),(641,'Felton','Hernandez'),(642,'Ernie','Green'),(643,'Gregg','Thompson'),(644,'Carroll','Hernandez'),(645,'Jeremiah','Walker'),(646,'Lanny','Carter'),(647,'Leonel','Davis'),(648,'Lawerence','Williams'),(649,'Rodolfo','Jones'),(650,'Ernesto','Edwards'),(651,'Nathanial','Anderson'),(652,'Brice','Miller'),(653,'Chong','White'),(654,'Gonzalo','Perez'),(655,'Emory','Thomas'),(656,'Lenny','Robinson'),(657,'Elliot','Turner'),(658,'Daniel','White'),(659,'Pedro','Campbell'),(660,'Maximo','Smith'),(661,'Angel','Thomas'),(662,'Scotty','Moore'),(663,'Delbert','Mitchell'),(664,'Enoch','Turner'),(665,'Michel','Harris'),(666,'Hunter','Green'),(667,'Vicente','Taylor'),(668,'Dominic','Jones'),(669,'Antione','Miller'),(670,'Gregorio','Thomas'),(671,'Jared','Parker'),(672,'Barton','Thompson'),(673,'Irvin','Campbell'),(674,'Johnathon','Jackson'),(675,'Rolando','Moore'),(676,'Dorsey','Rodriguez'),(677,'Scottie','Green'),(678,'Horace','Brown'),(679,'Harrison','Williams'),(680,'Brett','Lewis'),(681,'Alvaro','Edwards'),(682,'Gerard','Evans'),(683,'Damon','Harris'),(684,'Charlie','Walker'),(685,'Brady','Davis'),(686,'Angel','Thompson'),(687,'Melvin','Edwards'),(688,'Michel','Miller'),(689,'Willy','Wright'),(690,'Vince','Allen'),(691,'Houston','Stewart'),(692,'Jermaine','Gonzalez'),(693,'Orval','Carter'),(694,'Foster','White'),(695,'Lester','Harris'),(696,'Israel','Rodriguez'),(697,'Riley','Martinez'),(698,'Arron','Young'),(699,'Daron','Rodriguez'),(700,'Carson','Adams'),(701,'Russel','Martin'),(702,'Mitch','Collins'),(703,'Victor','Jackson'),(704,'Willard','Campbell'),(705,'Milton','Smith'),(706,'Antwan','Adams'),(707,'Shannon','Rogers'),(708,'Britt','Harris'),(709,'Elias','Adams'),(710,'Buddy','Lewis'),(711,'Solomon','Allen'),(712,'Renato','Wilson'),(713,'Alexander','Rogers'),(714,'Fredrick','Moore'),(715,'Ronald','Smith'),(716,'Charley','Harris'),(717,'Clinton','Morris'),(718,'Marcelo','Lewis'),(719,'Jefferey','Wilson'),(720,'Jessie','Carter'),(721,'Lucas','Roberts'),(722,'Christopher','Carter'),(723,'Edwin','Williams'),(724,'Brian','Taylor'),(725,'Spencer','Stewart'),(726,'Garret','Perez'),(727,'Franklin','Allen'),(728,'Stefan','Thompson'),(729,'Jorge','Wright'),(730,'Eliseo','Baker'),(731,'Bertram','Harris'),(732,'Vincent','Phillips'),(733,'Zachary','Rogers'),(734,'Denis','Nelson'),(735,'Sebastian','Garcia'),(736,'Bobby','Morris'),(737,'Graham','Brown'),(738,'Cedrick','Taylor'),(739,'Christopher','Jackson'),(740,'Daren','Morris'),(741,'Rodger','Thompson'),(742,'Vincenzo','Lewis'),(743,'Dewayne','Mitchell'),(744,'Bryon','Johnson'),(745,'Napoleon','Robinson'),(746,'Florencio','Smith'),(747,'Damian','Wilson'),(748,'Rocco','Brown'),(749,'Bruno','Perez'),(750,'Theron','Gonzalez'),(751,'Norris','Williams'),(752,'Jordon','Martin'),(753,'Norris','Allen'),(754,'Antwan','Gonzalez'),(755,'Octavio','Adams'),(756,'Isaias','Mitchell'),(757,'Basil','Jackson'),(758,'Maynard','Miller'),(759,'Robin','Lopez'),(760,'Royce','Evans'),(761,'Columbus','Rogers'),(762,'Antwan','Parker'),(763,'Reginald','Walker'),(764,'Elbert','Morris'),(765,'Marcos','Scott'),(766,'Clark','Collins'),(767,'Archie','Lopez'),(768,'Federico','Taylor'),(769,'Weldon','Miller'),(770,'Scottie','Green'),(771,'Timothy','Turner'),(772,'Shawn','White'),(773,'Gerard','Robinson'),(774,'Christopher','Wright'),(775,'Leandro','Perez'),(776,'Maria','Baker'),(777,'Elbert','Martin'),(778,'Stevie','Collins'),(779,'Wallace','Morris'),(780,'Erwin','Green'),(781,'Marshall','Sanchez'),(782,'Cleveland','Davis'),(783,'Kevin','Wilson'),(784,'Timothy','Wilson'),(785,'Marshall','Brown'),(786,'Carlton','Thomas'),(787,'Merrill','Wright'),(788,'Brady','Robinson'),(789,'Foster','Robinson'),(790,'Norberto','Nelson'),(791,'Alton','Rogers'),(792,'Clark','Miller'),(793,'Nathan','Clark'),(794,'Tyron','Jones'),(795,'Santiago','Brown'),(796,'Roger','Evans'),(797,'Elias','Moore'),(798,'Parker','Young'),(799,'Domingo','Brown'),(800,'Ramiro','Johnson'),(801,'Jordan','Brown'),(802,'Kennith','Carter'),(803,'Elliott','Stewart'),(804,'Dario','Garcia'),(805,'Marlin','Mitchell'),(806,'Cristobal','Johnson'),(807,'Derek','Rogers'),(808,'Edwin','Green'),(809,'Grady','Clark'),(810,'Irvin','Stewart'),(811,'Herman','Martinez'),(812,'Octavio','Perez'),(813,'Alphonse','Taylor'),(814,'Johnson','Moore'),(815,'Carey','Edwards'),(816,'Efrain','Parker'),(817,'Justin','Harris'),(818,'Lucien','Green'),(819,'Herman','Roberts'),(820,'Adalberto','Perez'),(821,'Sheldon','Williams'),(822,'Ernesto','Clark'),(823,'Hosea','Johnson'),(824,'Wallace','Gonzalez'),(825,'Noble','Parker'),(826,'Clinton','Rogers'),(827,'Fletcher','Allen'),(828,'Winfred','Moore'),(829,'Mathew','Perez'),(830,'Lamar','Sanchez'),(831,'Kirby','Martinez'),(832,'Kevin','Garcia'),(833,'Edmund','Baker'),(834,'Philip','Garcia'),(835,'Cornelius','Wilson'),(836,'Buster','Lewis'),(837,'Jospeh','Edwards'),(838,'Ernie','Allen'),(839,'Marcos','Walker'),(840,'Renaldo','Anderson'),(841,'Brant','Robinson'),(842,'Stanford','Brown'),(843,'Amado','Miller'),(844,'Millard','Rodriguez'),(845,'Fermin','Brown'),(846,'Mauro','Allen'),(847,'Elias','Davis'),(848,'Frederic','Wright'),(849,'Fredric','Clark'),(850,'Russel','Rogers'),(851,'Arturo','Campbell'),(852,'Sonny','Lopez'),(853,'Rosario','Perez'),(854,'Gregory','Thompson'),(855,'Darren','Stewart'),(856,'Malcolm','Garcia'),(857,'Neville','Moore'),(858,'Tommy','Lopez'),(859,'Adolph','Roberts'),(860,'Murray','Robinson'),(861,'Romeo','Garcia'),(862,'Leonardo','Taylor'),(863,'Myron','Turner'),(864,'Anthony','Campbell'),(865,'Vicente','Adams'),(866,'Eddie','Martinez'),(867,'Lucien','Baker'),(868,'Anderson','Edwards'),(869,'Ahmed','Martinez'),(870,'Gerald','Anderson'),(871,'Brenton','Martin'),(872,'Milton','Jackson'),(873,'Enrique','Scott'),(874,'Rodger','Rogers'),(875,'Lawrence','Allen'),(876,'Damian','Allen'),(877,'Henry','Sanchez'),(878,'George','Clark'),(879,'Antoine','Walker'),(880,'Dominick','Phillips'),(881,'Elwood','Martinez'),(882,'Jimmie','Thompson'),(883,'Donovan','Martinez'),(884,'Carol','Roberts'),(885,'Monroe','Davis'),(886,'German','Jackson'),(887,'Benedict','Williams'),(888,'Weldon','Adams'),(889,'Felton','Baker'),(890,'Clifton','Gonzalez'),(891,'Garret','Morris'),(892,'Jason','Miller'),(893,'Winford','Campbell'),(894,'Aubrey','Martinez'),(895,'Tyree','Thomas'),(896,'Shayne','Perez'),(897,'Mohammad','Perez'),(898,'Edwardo','Rogers'),(899,'Raymundo','Wilson'),(900,'Toney','Collins'),(901,'Kermit','Stewart'),(902,'Colby','Carter'),(903,'Jeremy','Adams'),(904,'Brady','Johnson'),(905,'Darin','Miller'),(906,'Alexander','Allen'),(907,'Edmund','Sanchez'),(908,'Adolph','Phillips'),(909,'Geraldo','Mitchell'),(910,'Reynaldo','Parker'),(911,'Rupert','Mitchell'),(912,'Eusebio','Gonzalez'),(913,'Brandon','Jackson'),(914,'Edwin','Carter'),(915,'Jimmy','Rodriguez'),(916,'Ramiro','Anderson'),(917,'Mohammed','Harris'),(918,'Abram','Nelson'),(919,'Keith','Anderson'),(920,'Devon','Garcia'),(921,'Ramiro','Edwards'),(922,'Josue','Evans'),(923,'Cordell','Gonzalez'),(924,'Phillip','Thompson'),(925,'Damon','Parker'),(926,'Haywood','Brown'),(927,'Mauricio','Carter'),(928,'Jayson','Turner'),(929,'Clayton','Allen'),(930,'Guadalupe','Martin'),(931,'Albert','Hernandez'),(932,'Elisha','Allen'),(933,'Ramiro','Morris'),(934,'Gaston','Smith'),(935,'Errol','Hernandez'),(936,'Edmund','Adams'),(937,'Laverne','Collins'),(938,'Andreas','Hernandez'),(939,'Rhett','Young'),(940,'Paris','Brown'),(941,'Columbus','Sanchez'),(942,'Kerry','Parker'),(943,'Ambrose','Allen'),(944,'Jerrod','Robinson'),(945,'Numbers','Lopez'),(946,'Malcom','Scott'),(947,'Marco','Edwards'),(948,'Chance','Collins'),(949,'Grant','Young'),(950,'Jeffery','Hernandez'),(951,'Larry','Roberts'),(952,'Quinn','Perez'),(953,'Virgilio','Collins'),(954,'Bryan','Campbell'),(955,'Pasquale','Rodriguez'),(956,'Kerry','Jones'),(957,'Napoleon','Thompson'),(958,'Ulysses','Green'),(959,'Lesley','Gonzalez'),(960,'Murray','Brown'),(961,'David','Rodriguez'),(962,'Randal','Walker'),(963,'Freddy','Phillips'),(964,'Kennith','Young'),(965,'Devin','Thomas'),(966,'Sylvester','Jones'),(967,'Howard','Young'),(968,'Carter','Thomas'),(969,'Eusebio','Davis'),(970,'Elliott','Parker'),(971,'Mario','Phillips'),(972,'Perry','Smith'),(973,'Forest','Garcia'),(974,'Leonel','Williams'),(975,'Woodrow','Carter'),(976,'Lazaro','Robinson'),(977,'Jules','Garcia'),(978,'Leigh','Harris'),(979,'Garland','Evans'),(980,'Erick','Clark'),(981,'Jacinto','Carter'),(982,'Moses','Smith'),(983,'Jonathon','Edwards'),(984,'Rolland','Evans'),(985,'Alphonso','Moore'),(986,'Burton','Walker'),(987,'Agustin','Lewis'),(988,'Rashad','Young'),(989,'Garth','Allen'),(990,'Abram','Hernandez'),(991,'Santos','Gonzalez'),(992,'Armand','Miller'),(993,'Jefferson','Davis'),(994,'Chris','Smith'),(995,'Gregory','Clark'),(996,'Mario','Thomas'),(997,'Elroy','Young'),(998,'Garry','Jones'),(999,'Shane','Smith'),(1000,'Alphonse','Rodriguez'),(1001,'Refugio','Young'),(1002,'Forest','Miller'),(1003,'Elroy','Wilson'),(1004,'Dwight','Anderson'),(1005,'Cornell','Edwards'),(1006,'Rodrigo','Perez'),(1007,'Leroy','Rodriguez'),(1008,'Tanner','Jones'),(1009,'Darryl','Garcia'),(1010,'Russell','Morris'),(1011,'Lesley','Phillips'),(1012,'Kevin','Stewart'),(1013,'Sylvester','Scott'),(1014,'Gilbert','Rogers'),(1015,'Derick','Lopez'),(1016,'Cornelius','Harris'),(1017,'Hilton','Carter'),(1018,'Percy','Jackson'),(1019,'Jayson','Anderson'),(1020,'Leigh','Parker'),(1021,'Jarrod','Hernandez'),(1022,'Malcom','Campbell'),(1023,'Emerson','Stewart'),(1024,'Genaro','Wilson'),(1025,'Elden','Lewis'),(1026,'Valentin','Walker'),(1027,'Gayle','Turner'),(1028,'Eugene','Parker'),(1029,'Timothy','Perez'),(1030,'Lyndon','Thomas'),(1031,'Isaias','Jones'),(1032,'Arnoldo','Martinez'),(1033,'Albert','Collins'),(1034,'Titus','Edwards'),(1035,'Mckinley','Nelson'),(1036,'Clemente','Smith'),(1037,'Moses','Carter'),(1038,'Walker','Hernandez'),(1039,'Burton','Roberts'),(1040,'Barney','Mitchell'),(1041,'Douglass','Lewis'),(1042,'Leandro','Green'),(1043,'Grant','White'),(1044,'Brendon','Walker'),(1045,'Seymour','Sanchez'),(1046,'Wilbert','Sanchez'),(1047,'Ronald','Nelson'),(1048,'Fabian','Edwards'),(1049,'Cecil','Davis'),(1050,'Monty','Scott'),(1051,'Irving','Walker'),(1052,'Kennith','Smith'),(1053,'Dewayne','Campbell'),(1054,'Tobias','Adams'),(1055,'Perry','Mitchell'),(1056,'Marlin','Morris'),(1057,'Jewel','Martin'),(1058,'Carter','Turner'),(1059,'Willard','Baker'),(1060,'Francesco','Brown'),(1061,'Booker','Baker'),(1062,'Rhett','Gonzalez'),(1063,'Jamey','Rodriguez'),(1064,'Marcelino','Young'),(1065,'Irvin','Davis'),(1066,'Moshe','Thomas'),(1067,'Felipe','Jones'),(1068,'Burton','Wright'),(1069,'Andre','Miller'),(1070,'Rodrigo','Carter'),(1071,'Wally','Sanchez'),(1072,'Aurelio','Walker'),(1073,'Monty','Lopez'),(1074,'Geoffrey','Moore'),(1075,'Roman','Rogers'),(1076,'Brady','Roberts'),(1077,'Doyle','Brown'),(1078,'Harland','Parker'),(1079,'Ricky','Morris'),(1080,'Clarence','Mitchell'),(1081,'Gilberto','Edwards'),(1082,'Salvatore','Harris'),(1083,'Jorge','Collins'),(1084,'Dwayne','Miller'),(1085,'Erwin','Sanchez'),(1086,'Davis','Jones'),(1087,'Octavio','Edwards'),(1088,'Geoffrey','Perez'),(1089,'Elwood','Carter'),(1090,'Elbert','Thompson'),(1091,'Quintin','Martin'),(1092,'Carlos','Garcia'),(1093,'Bernard','Johnson'),(1094,'Chauncey','Stewart'),(1095,'Corey','Morris'),(1096,'Shelby','Johnson'),(1097,'Morris','Baker'),(1098,'Benny','Gonzalez'),(1099,'Hassan','Martin'),(1100,'Young','Young'),(1101,'Melvin','Moore'),(1102,'Damion','Robinson'),(1103,'Ramiro','Parker'),(1104,'Nicky','Johnson'),(1105,'Manuel','Taylor'),(1106,'Stacy','Martinez'),(1107,'Danilo','Garcia'),(1108,'Bradly','Collins'),(1109,'Mario','Collins'),(1110,'Octavio','Miller'),(1111,'Warren','Clark'),(1112,'Lindsey','Lopez'),(1113,'Terrell','Allen'),(1114,'Damion','Stewart'),(1115,'Frances','Jackson'),(1116,'Eldon','Thomas'),(1117,'Xavier','Sanchez'),(1118,'Garfield','Robinson'),(1119,'Jamey','Evans'),(1120,'Jasper','Moore'),(1121,'Lester','Parker'),(1122,'Marlin','Gonzalez'),(1123,'Woodrow','Williams'),(1124,'Edison','Thompson'),(1125,'Randell','Parker'),(1126,'Mason','Carter'),(1127,'Steve','Taylor'),(1128,'Deangelo','Rogers'),(1129,'Monroe','Baker'),(1130,'Garland','Martin'),(1131,'Theodore','Martinez'),(1132,'Andre','Davis'),(1133,'Darron','Smith'),(1134,'Rodney','Martinez'),(1135,'Giuseppe','Martin'),(1136,'Raymon','White'),(1137,'Forrest','Adams'),(1138,'Murray','Parker'),(1139,'Normand','Brown'),(1140,'Ricardo','Wright'),(1141,'Michal','Jones'),(1142,'Bruno','Collins'),(1143,'Dustin','Sanchez'),(1144,'Darwin','Johnson'),(1145,'Arnulfo','Rodriguez'),(1146,'Forest','Mitchell'),(1147,'Rocco','Parker'),(1148,'Grady','Johnson'),(1149,'Timothy','Young'),(1150,'Edwardo','Allen'),(1151,'Mohamed','Scott'),(1152,'Tracey','Allen'),(1153,'Alfred','Morris'),(1154,'Jamison','Young'),(1155,'Albert','Campbell'),(1156,'Carey','Nelson'),(1157,'Myron','Baker'),(1158,'Gabriel','Lopez'),(1159,'Porter','Evans'),(1160,'Ronald','Harris'),(1161,'Arlen','Nelson'),(1162,'Jordan','Evans'),(1163,'Rafael','Thomas'),(1164,'Emanuel','Williams'),(1165,'Stephen','Garcia'),(1166,'Willian','Lewis'),(1167,'Octavio','Turner'),(1168,'Damien','Williams'),(1169,'Lyndon','Martinez'),(1170,'Alvin','Phillips'),(1171,'Isaias','Taylor'),(1172,'Palmer','Harris'),(1173,'Bryan','Rogers'),(1174,'Giuseppe','Moore'),(1175,'Lorenzo','Sanchez'),(1176,'Tomas','Wilson'),(1177,'Ralph','Brown'),(1178,'Harvey','Garcia'),(1179,'Antoine','Walker'),(1180,'Lemuel','Martinez'),(1181,'Wendell','Taylor'),(1182,'Orval','Thomas'),(1183,'Randy','Campbell'),(1184,'Irving','Davis'),(1185,'Lenny','Taylor'),(1186,'Willy','Scott'),(1187,'Abram','Jones'),(1188,'Clair','Wilson'),(1189,'Landon','Turner'),(1190,'Reuben','Robinson'),(1191,'Courtney','Mitchell'),(1192,'Wyatt','Robinson'),(1193,'Emile','Johnson'),(1194,'Carrol','Robinson'),(1195,'Efren','Perez'),(1196,'Thanh','Jones'),(1197,'Chris','White'),(1198,'Hayden','Moore'),(1199,'Eddie','Hernandez'),(1200,'Donte','Allen'),(1201,'Andre','Taylor'),(1202,'Boris','Garcia'),(1203,'Brendan','Edwards'),(1204,'Orlando','Taylor'),(1205,'Louie','Walker'),(1206,'Marion','Parker'),(1207,'Barney','Nelson'),(1208,'Williams','Hernandez'),(1209,'Bennie','Thompson'),(1210,'Harold','Allen'),(1211,'Rolando','Rodriguez'),(1212,'Lance','Harris'),(1213,'Marvin','Young'),(1214,'Giovanni','Lewis'),(1215,'Laurence','Miller'),(1216,'Elmer','Carter'),(1217,'Bradly','Jones'),(1218,'Wilson','Lewis'),(1219,'Edmund','Clark'),(1220,'Lindsey','Young'),(1221,'Stevie','Green'),(1222,'Delmar','Wilson'),(1223,'Roscoe','Thompson'),(1224,'Hollis','Lopez'),(1225,'Clement','Martin'),(1226,'Gerard','Johnson'),(1227,'Wilburn','Garcia'),(1228,'Orlando','Baker'),(1229,'Ashley','Anderson'),(1230,'Keven','Robinson'),(1231,'Stewart','Miller'),(1232,'Alphonse','Sanchez'),(1233,'Gabriel','Wilson'),(1234,'Jayson','Perez'),(1235,'Patricia','Harris'),(1236,'Hiram','Campbell'),(1237,'Abraham','Hernandez'),(1238,'Danny','Lewis'),(1239,'Jerry','Davis'),(1240,'Vernon','Wilson'),(1241,'Claudio','Rodriguez'),(1242,'Perry','Gonzalez'),(1243,'August','Collins'),(1244,'Miles','Martin'),(1245,'Elwood','Allen'),(1246,'Shirley','Nelson'),(1247,'Bennie','Martin'),(1248,'Danilo','Thompson'),(1249,'Heath','Phillips'),(1250,'Frankie','Walker'),(1251,'Erich','Lewis'),(1252,'Jackson','Allen'),(1253,'Porter','Perez'),(1254,'Lanny','Johnson'),(1255,'Jerrod','Phillips'),(1256,'Darnell','Jones'),(1257,'Tyron','Jackson'),(1258,'Elden','Carter'),(1259,'Sheldon','Baker'),(1260,'Mohammad','Johnson'),(1261,'Dillon','Moore'),(1262,'Virgil','Nelson'),(1263,'Elwood','Robinson'),(1264,'Roosevelt','Mitchell'),(1265,'Francis','Roberts'),(1266,'Chauncey','Jones'),(1267,'Mohammad','Garcia'),(1268,'Dwight','Martin'),(1269,'Zackary','Lewis'),(1270,'Wendell','Anderson'),(1271,'Kenton','Moore'),(1272,'Rosario','Baker'),(1273,'Herschel','Wright'),(1274,'Hollis','Jones'),(1275,'Elton','Hernandez'),(1276,'Johnie','Thompson'),(1277,'Billy','Johnson'),(1278,'Thurman','Perez'),(1279,'Wendell','Rodriguez'),(1280,'Ernest','Adams'),(1281,'Kerry','Garcia'),(1282,'Jonathon','Thomas'),(1283,'Bryon','Garcia'),(1284,'Benny','Parker'),(1285,'Brice','Wilson'),(1286,'Orville','Walker'),(1287,'Emory','Thompson'),(1288,'Abdul','Collins'),(1289,'Michale','Phillips'),(1290,'Clemente','Lopez'),(1291,'Hilario','Martinez'),(1292,'Waldo','Parker'),(1293,'Garth','Harris'),(1294,'Cletus','Wright'),(1295,'Maximo','Collins'),(1296,'Raphael','Hernandez'),(1297,'Laurence','Thomas'),(1298,'Bennie','Jackson'),(1299,'Mason','Stewart'),(1300,'Bryon','Baker'),(1301,'Edgardo','Sanchez'),(1302,'Alfred','Nelson'),(1303,'Nathan','Thomas'),(1304,'Bradford','Green'),(1305,'Osvaldo','Wilson'),(1306,'Emery','Nelson'),(1307,'Harris','Moore'),(1308,'Gerardo','Thompson'),(1309,'Bradley','Jones'),(1310,'Valentin','White'),(1311,'Leland','Taylor'),(1312,'Kenton','Garcia'),(1313,'Federico','Rogers'),(1314,'Nathanial','Martin'),(1315,'Raleigh','Carter'),(1316,'Billie','Turner'),(1317,'Blair','Stewart'),(1318,'Fritz','Young'),(1319,'Leland','Sanchez'),(1320,'Guadalupe','Rodriguez'),(1321,'Jason','White'),(1322,'Bennie','Turner'),(1323,'Clayton','Davis'),(1324,'Isaias','Wright'),(1325,'Cordell','Miller'),(1326,'Alonso','Martinez'),(1327,'Rolland','Baker'),(1328,'Douglass','Lewis'),(1329,'Jaime','Wilson'),(1330,'Jackie','White'),(1331,'Nathanael','White'),(1332,'Edmond','Stewart'),(1333,'Arthur','Robinson'),(1334,'Richie','Williams'),(1335,'Jeffry','Allen'),(1336,'Ernesto','Mitchell'),(1337,'Vernon','Gonzalez'),(1338,'Santiago','Garcia'),(1339,'Trevor','Hernandez'),(1340,'Augustine','Lopez'),(1341,'Elwood','Moore'),(1342,'Freddie','Clark'),(1343,'Mitchell','Stewart'),(1344,'Robin','Turner'),(1345,'Lawerence','Wright'),(1346,'Malik','Brown'),(1347,'Samual','Thomas'),(1348,'Louie','Anderson'),(1349,'Geraldo','Allen'),(1350,'Graham','Rodriguez'),(1351,'Jerry','Carter'),(1352,'Brendan','Davis'),(1353,'Jerrod','Hernandez'),(1354,'Edgar','Garcia'),(1355,'Numbers','Adams'),(1356,'Taylor','Allen'),(1357,'Marlin','Evans'),(1358,'Brenton','Taylor'),(1359,'Gayle','Phillips'),(1360,'Enoch','Garcia'),(1361,'Brendon','Sanchez'),(1362,'Philip','Brown'),(1363,'Brock','Harris'),(1364,'Woodrow','Smith'),(1365,'Roscoe','Morris'),(1366,'Kendrick','Hernandez'),(1367,'Donnie','Adams'),(1368,'Dominick','Perez'),(1369,'Deshawn','Anderson'),(1370,'Roderick','Jackson'),(1371,'Nolan','Jackson'),(1372,'Wilbur','Phillips'),(1373,'Jerrod','Campbell'),(1374,'Markus','Lopez'),(1375,'Duncan','Taylor'),(1376,'Freddy','Walker'),(1377,'Christopher','Rodriguez'),(1378,'Terrell','Martinez'),(1379,'Lynwood','Harris'),(1380,'Danny','Rogers'),(1381,'Randy','Campbell'),(1382,'Barney','Martinez'),(1383,'Rudolph','Miller'),(1384,'Peter','Phillips'),(1385,'Dennis','Gonzalez'),(1386,'Jefferson','Moore'),(1387,'Rafael','Smith'),(1388,'Keenan','Taylor'),(1389,'Sherwood','Mitchell'),(1390,'Kennith','Rogers'),(1391,'Riley','Carter'),(1392,'Leigh','Parker'),(1393,'Kenneth','Nelson'),(1394,'Mariano','Young'),(1395,'Chance','Miller'),(1396,'Matthew','Adams'),(1397,'Israel','Mitchell'),(1398,'Matthew','Clark'),(1399,'Shannon','Baker'),(1400,'Winford','Hernandez'),(1401,'Arnulfo','Lewis'),(1402,'Terence','Wilson'),(1403,'Mickey','Adams'),(1404,'Lorenzo','Thomas'),(1405,'Corey','Gonzalez'),(1406,'Thaddeus','Rodriguez'),(1407,'Ruben','Wright'),(1408,'Augustine','Nelson'),(1409,'Leonardo','Carter'),(1410,'Earnest','Scott'),(1411,'Nestor','Phillips'),(1412,'Wilber','Anderson'),(1413,'Merrill','Adams'),(1414,'Jamal','Lopez'),(1415,'Kenneth','Morris'),(1416,'Carey','Robinson'),(1417,'Vincenzo','Wilson'),(1418,'Brian','Brown'),(1419,'Gabriel','Williams'),(1420,'Houston','Green'),(1421,'Damon','Stewart'),(1422,'Benedict','Stewart'),(1423,'Damion','Harris'),(1424,'Arturo','Lewis'),(1425,'Brice','Parker'),(1426,'Sergio','Wilson'),(1427,'Shane','Williams'),(1428,'Dante','Perez'),(1429,'Elden','Baker'),(1430,'Curtis','Garcia'),(1431,'Willis','Martin'),(1432,'Melvin','Miller'),(1433,'Hilario','Anderson'),(1434,'Tracey','Moore'),(1435,'Antony','Martin'),(1436,'Wendell','Davis'),(1437,'Merle','Wright'),(1438,'Broderick','Nelson'),(1439,'Lyman','Harris'),(1440,'Rodolfo','Clark'),(1441,'Darrin','Evans'),(1442,'Felton','Thomas'),(1443,'Darryl','Scott'),(1444,'Bryce','Thomas'),(1445,'Christoper','Jones'),(1446,'Stacey','Walker'),(1447,'Zachariah','Edwards'),(1448,'Martin','Allen'),(1449,'Elbert','Mitchell'),(1450,'Monty','Brown'),(1451,'Broderick','Green'),(1452,'Casey','Turner'),(1453,'Morton','Walker'),(1454,'Adolfo','Rodriguez'),(1455,'Wilford','Campbell'),(1456,'Armand','Brown'),(1457,'Isaac','Carter'),(1458,'Trevor','Anderson'),(1459,'Cordell','Miller'),(1460,'Dominick','Lewis'),(1461,'Erick','Wilson'),(1462,'Rashad','Jackson'),(1463,'Duncan','Stewart'),(1464,'Darin','Garcia'),(1465,'Dwain','Rogers'),(1466,'Jonas','Harris'),(1467,'Wilfredo','White'),(1468,'Ellis','Mitchell'),(1469,'Donald','Perez'),(1470,'Deandre','Lopez'),(1471,'Jeromy','Nelson'),(1472,'Earnest','Edwards'),(1473,'Lowell','Hernandez'),(1474,'Elijah','Johnson'),(1475,'Jacob','Martin'),(1476,'Erwin','Miller'),(1477,'Antione','Jones'),(1478,'Jamal','Thomas'),(1479,'Hayden','Miller'),(1480,'Felix','Allen'),(1481,'Dorian','Young'),(1482,'Terrell','Nelson'),(1483,'Spencer','Miller'),(1484,'Lenny','White'),(1485,'Kendall','Evans'),(1486,'Tristan','Turner'),(1487,'Teodoro','Martin'),(1488,'Sammy','Baker'),(1489,'Gilberto','Wright'),(1490,'Robby','Smith'),(1491,'Rosendo','Edwards'),(1492,'Solomon','Morris'),(1493,'Judson','Thompson'),(1494,'Jules','Thomas'),(1495,'Jeffrey','Baker'),(1496,'Daren','Scott'),(1497,'Lesley','Johnson'),(1498,'Milford','Parker'),(1499,'Cameron','Brown'),(1500,'Alonso','White');
/*!40000 ALTER TABLE `vets` ENABLE KEYS */;
UNLOCK TABLES;

--
-- Table structure for table `visits`
--

DROP TABLE IF EXISTS `visits`;
/*!40101 SET @saved_cs_client     = @@character_set_client */;
/*!40101 SET character_set_client = utf8 */;
CREATE TABLE `visits` (
  `id` int(4) unsigned NOT NULL AUTO_INCREMENT,
  `pet_id` int(4) unsigned NOT NULL,
  `visit_date` date DEFAULT NULL,
  `description` varchar(255) DEFAULT NULL,
  PRIMARY KEY (`id`),
  KEY `pet_id` (`pet_id`),
  CONSTRAINT `fk_visits_pets` FOREIGN KEY (`pet_id`) REFERENCES `pets` (`id`)
) ENGINE=InnoDB AUTO_INCREMENT=7 DEFAULT CHARSET=latin1;
/*!40101 SET character_set_client = @saved_cs_client */;

--
-- Dumping data for table `visits`
--

LOCK TABLES `visits` WRITE;
/*!40000 ALTER TABLE `visits` DISABLE KEYS */;
INSERT INTO `visits` VALUES (1,7,'1996-03-04','rabies shot'),(2,8,'1996-03-04','rabies shot'),(3,8,'1996-06-04','neutered'),(4,7,'1996-09-04','spayed'),(5,416,'2010-03-03','Shagging'),(6,415,'2010-03-03','Buggering other birds - sex counselling');
/*!40000 ALTER TABLE `visits` ENABLE KEYS */;
UNLOCK TABLES;
/*!40103 SET TIME_ZONE=@OLD_TIME_ZONE */;

/*!40101 SET SQL_MODE=@OLD_SQL_MODE */;
/*!40014 SET FOREIGN_KEY_CHECKS=@OLD_FOREIGN_KEY_CHECKS */;
/*!40014 SET UNIQUE_CHECKS=@OLD_UNIQUE_CHECKS */;
/*!40101 SET CHARACTER_SET_CLIENT=@OLD_CHARACTER_SET_CLIENT */;
/*!40101 SET CHARACTER_SET_RESULTS=@OLD_CHARACTER_SET_RESULTS */;
/*!40101 SET COLLATION_CONNECTION=@OLD_COLLATION_CONNECTION */;
/*!40111 SET SQL_NOTES=@OLD_SQL_NOTES */;

-- Dump completed on 2011-06-20 15:50:47
